order_item_id,order_id,product_id,quantity,unit_price,discount_amount
5001,1001,216,1,89.50,20.00
5002,1002,228,1,52.00,0.00
5003,1003,207,1,42.00,20.00
5004,1003,228,1,52.00,0.00
5005,1003,224,1,28.00,0.00
5006,1004,235,1,35.00,20.00
5007,1004,231,1,34.50,0.00
5008,1005,216,1,89.50,5.00
5009,1005,230,2,39.99,0.00
5010,1005,225,1,65.00,0.00
5011,1006,218,1,32.00,0.00
5012,1006,201,1,129.99,15.00
5013,1007,231,1,34.50,5.00
5014,1008,216,1,89.50,10.00
5015,1009,222,1,59.99,5.00
5016,1010,213,1,219.00,15.00
5017,1011,218,1,32.00,0.00
5018,1011,234,2,12.00,0.00
5019,1012,235,1,35.00,0.00
5020,1013,232,1,27.99,0.00
5021,1013,207,1,42.00,5.00
5022,1013,201,1,129.99,0.00
5023,1014,205,1,29.99,0.00
5024,1015,220,1,36.00,20.00
5025,1015,206,1,59.99,10.00
5026,1015,216,2,89.50,0.00
5027,1016,220,1,36.00,15.00
5028,1016,228,1,52.00,20.00
5029,1016,204,1,289.00,0.00
5030,1017,205,1,29.99,0.00
5031,1018,203,1,79.50,0.00
5032,1018,215,1,49.99,5.00
5033,1019,213,1,219.00,0.00
5034,1019,228,1,52.00,0.00
5035,1020,219,1,24.50,0.00
5036,1020,229,1,19.99,0.00
5037,1021,229,1,19.99,0.00
5038,1021,206,2,59.99,15.00
5039,1022,202,3,89.99,15.00
5040,1023,231,1,34.50,0.00
5041,1023,234,1,12.00,0.00
5042,1024,231,1,34.50,0.00
5043,1024,223,2,85.00,0.00
5044,1024,227,1,15.00,0.00
5045,1024,222,1,59.99,15.00
5046,1025,217,1,45.00,20.00
5047,1026,230,1,39.99,0.00
5048,1026,227,1,15.00,0.00
5049,1026,204,1,289.00,5.00
5050,1027,219,2,24.50,0.00
5051,1027,229,1,19.99,0.00
5052,1028,201,1,129.99,0.00
5053,1029,210,2,49.99,0.00
5054,1029,232,1,27.99,0.00
5055,1030,210,1,49.99,10.00
5056,1031,227,2,15.00,0.00
5057,1031,222,1,59.99,20.00
5058,1032,232,1,27.99,0.00
5059,1032,210,1,49.99,10.00
5060,1032,229,2,19.99,0.00
5061,1033,216,1,89.50,15.00
5062,1033,225,1,65.00,20.00
5063,1033,215,1,49.99,15.00
5064,1033,227,2,15.00,0.00
5065,1034,222,2,59.99,20.00
5066,1035,210,1,49.99,15.00
5067,1036,226,1,18.00,0.00
5068,1037,232,1,27.99,0.00
5069,1037,235,1,35.00,15.00
5070,1038,207,2,42.00,15.00
5071,1039,202,1,89.99,20.00
5072,1040,216,1,89.50,10.00
5073,1041,225,1,65.00,0.00
5074,1042,217,1,45.00,0.00
5075,1042,230,2,39.99,5.00
5076,1043,223,3,85.00,0.00
5077,1044,220,3,36.00,20.00
5078,1044,213,1,219.00,0.00
5079,1045,219,1,24.50,0.00
5080,1046,204,2,289.00,0.00
5081,1046,232,2,27.99,0.00
5082,1047,217,1,45.00,15.00
5083,1048,203,1,79.50,0.00
5084,1048,220,1,36.00,0.00
5085,1048,229,2,19.99,0.00
5086,1049,235,2,35.00,0.00
5087,1050,231,3,34.50,0.00
5088,1051,210,1,49.99,5.00
5089,1051,215,1,49.99,10.00
5090,1051,226,1,18.00,0.00
5091,1051,224,1,28.00,0.00
5092,1052,224,1,28.00,0.00
5093,1052,207,1,42.00,10.00
5094,1052,215,1,49.99,10.00
5095,1053,220,1,36.00,0.00
5096,1053,227,1,15.00,0.00
5097,1053,208,1,119.99,0.00
5098,1054,235,1,35.00,15.00
5099,1054,227,1,15.00,0.00
5100,1055,218,1,32.00,0.00
5101,1056,207,2,42.00,15.00
5102,1056,224,1,28.00,0.00
5103,1056,235,1,35.00,0.00
5104,1057,202,1,89.99,0.00
5105,1058,214,1,349.99,20.00
5106,1059,201,2,129.99,0.00
5107,1059,218,3,32.00,10.00
5108,1060,209,2,84.99,0.00
5109,1060,201,1,129.99,0.00
5110,1060,223,1,85.00,0.00
5111,1061,231,2,34.50,10.00
5112,1061,229,1,19.99,0.00
5113,1062,234,1,12.00,0.00
5114,1063,228,1,52.00,5.00
5115,1063,207,1,42.00,0.00
5116,1063,232,1,27.99,0.00
5117,1064,221,3,45.00,10.00
5118,1064,225,1,65.00,10.00
5119,1065,214,1,349.99,0.00
5120,1066,207,1,42.00,0.00
5121,1067,231,1,34.50,0.00
5122,1067,205,1,29.99,0.00
5123,1068,222,1,59.99,5.00
5124,1069,220,1,36.00,15.00
5125,1069,223,1,85.00,20.00
5126,1069,207,1,42.00,20.00
5127,1069,233,1,22.50,0.00
5128,1070,202,1,89.99,20.00
5129,1070,218,1,32.00,0.00
5130,1070,212,1,99.00,0.00
5131,1071,202,1,89.99,10.00
5132,1072,224,1,28.00,0.00
5133,1073,210,1,49.99,0.00
5134,1073,211,1,74.99,5.00
5135,1073,204,1,289.00,5.00
5136,1074,223,1,85.00,15.00
5137,1074,228,1,52.00,5.00
5138,1075,204,1,289.00,0.00
5139,1076,208,1,119.99,15.00
5140,1077,215,1,49.99,15.00
5141,1077,233,2,22.50,0.00
5142,1078,230,2,39.99,20.00
5143,1079,227,1,15.00,0.00
5144,1080,230,1,39.99,0.00
5145,1080,224,1,28.00,0.00
5146,1080,206,1,59.99,10.00
5147,1081,222,2,59.99,0.00
5148,1082,223,1,85.00,20.00
5149,1083,213,1,219.00,0.00
5150,1084,230,1,39.99,10.00
5151,1084,229,1,19.99,0.00
5152,1085,205,1,29.99,0.00
5153,1086,233,1,22.50,0.00
5154,1087,219,1,24.50,0.00
5155,1088,203,2,79.50,10.00
5156,1088,229,1,19.99,0.00
5157,1089,229,1,19.99,0.00
5158,1089,207,1,42.00,0.00
5159,1089,222,1,59.99,5.00
5160,1089,206,1,59.99,10.00
5161,1090,222,1,59.99,0.00
5162,1091,225,1,65.00,15.00
5163,1092,210,1,49.99,15.00
5164,1092,223,1,85.00,5.00
5165,1093,222,2,59.99,15.00
5166,1094,233,1,22.50,0.00
5167,1094,224,1,28.00,0.00
5168,1095,209,1,84.99,0.00
5169,1096,234,2,12.00,0.00
5170,1096,203,1,79.50,10.00
5171,1096,222,1,59.99,0.00
5172,1097,224,1,28.00,0.00
5173,1098,229,1,19.99,0.00
5174,1098,215,1,49.99,20.00
5175,1099,229,2,19.99,0.00
5176,1099,230,1,39.99,5.00
5177,1099,219,3,24.50,0.00
5178,1100,224,1,28.00,0.00
5179,1100,207,1,42.00,0.00
5180,1101,233,1,22.50,0.00
5181,1102,202,1,89.99,0.00
5182,1102,227,1,15.00,0.00
5183,1102,204,3,289.00,0.00
5184,1103,222,1,59.99,20.00
5185,1103,210,1,49.99,20.00
5186,1103,209,1,84.99,15.00
5187,1104,202,2,89.99,10.00
5188,1104,217,2,45.00,10.00
5189,1104,214,1,349.99,0.00
5190,1105,216,1,89.50,20.00
5191,1106,232,1,27.99,0.00
5192,1106,235,1,35.00,15.00
5193,1106,202,1,89.99,5.00
5194,1107,206,1,59.99,0.00
5195,1108,233,1,22.50,0.00
5196,1108,202,1,89.99,15.00
5197,1109,205,1,29.99,0.00
5198,1110,222,1,59.99,10.00
5199,1110,209,1,84.99,15.00
5200,1111,209,1,84.99,5.00
5201,1111,205,1,29.99,0.00
5202,1112,220,1,36.00,20.00
5203,1113,213,1,219.00,20.00
5204,1113,219,1,24.50,0.00
5205,1114,228,1,52.00,5.00
5206,1114,226,1,18.00,0.00
5207,1115,234,1,12.00,0.00
5208,1116,212,1,99.00,0.00
5209,1116,235,1,35.00,15.00
5210,1117,211,1,74.99,0.00
5211,1117,229,1,19.99,0.00
5212,1118,204,1,289.00,15.00
5213,1118,205,1,29.99,0.00
5214,1118,226,3,18.00,0.00
5215,1118,224,1,28.00,0.00
5216,1119,224,1,28.00,0.00
5217,1120,224,2,28.00,0.00
5218,1120,229,1,19.99,0.00
5219,1121,216,1,89.50,0.00
5220,1121,208,1,119.99,5.00
5221,1122,229,1,19.99,0.00
5222,1123,209,2,84.99,5.00
5223,1124,221,1,45.00,0.00
5224,1124,223,2,85.00,15.00
5225,1124,205,1,29.99,0.00
5226,1124,235,1,35.00,0.00
5227,1125,209,1,84.99,10.00
5228,1125,216,1,89.50,20.00
5229,1125,232,3,27.99,0.00
5230,1125,202,1,89.99,0.00
5231,1126,234,2,12.00,0.00
5232,1126,227,2,15.00,0.00
5233,1127,230,1,39.99,0.00
5234,1128,209,1,84.99,20.00
5235,1129,211,1,74.99,15.00
5236,1130,217,1,45.00,0.00
5237,1130,213,1,219.00,0.00
5238,1130,218,1,32.00,0.00
5239,1131,222,2,59.99,0.00
5240,1131,203,1,79.50,15.00
5241,1132,227,1,15.00,0.00
5242,1133,220,1,36.00,20.00
5243,1134,204,1,289.00,5.00
5244,1135,221,3,45.00,0.00
5245,1135,223,2,85.00,10.00
5246,1136,218,1,32.00,0.00
5247,1136,229,1,19.99,0.00
5248,1137,221,1,45.00,10.00
5249,1137,213,1,219.00,0.00
5250,1137,211,1,74.99,0.00
5251,1138,223,1,85.00,0.00
5252,1139,207,1,42.00,0.00
5253,1140,226,1,18.00,0.00
5254,1141,225,1,65.00,20.00
5255,1142,209,1,84.99,20.00
5256,1142,207,3,42.00,10.00
5257,1143,233,1,22.50,0.00
5258,1143,203,1,79.50,0.00
5259,1144,233,1,22.50,0.00
5260,1144,209,1,84.99,0.00
5261,1145,233,1,22.50,0.00
5262,1145,235,1,35.00,5.00
5263,1146,227,1,15.00,0.00
5264,1147,215,1,49.99,10.00
5265,1148,225,2,65.00,0.00
5266,1148,210,1,49.99,15.00
5267,1149,210,1,49.99,0.00
5268,1150,204,1,289.00,0.00
5269,1150,209,3,84.99,5.00
5270,1150,234,1,12.00,0.00
5271,1151,223,1,85.00,20.00
5272,1152,216,1,89.50,0.00
5273,1153,232,1,27.99,0.00
5274,1153,221,1,45.00,20.00
5275,1154,235,2,35.00,5.00
5276,1154,225,2,65.00,20.00
5277,1155,206,1,59.99,0.00
5278,1155,223,1,85.00,10.00
5279,1155,229,1,19.99,0.00
5280,1155,217,1,45.00,0.00
5281,1156,216,1,89.50,10.00
5282,1156,204,1,289.00,0.00
5283,1157,207,1,42.00,10.00
5284,1157,209,3,84.99,0.00
5285,1158,219,1,24.50,0.00
5286,1159,215,1,49.99,20.00
5287,1159,235,2,35.00,0.00
5288,1160,212,2,99.00,0.00
5289,1160,219,1,24.50,0.00
5290,1161,235,1,35.00,0.00
5291,1161,234,2,12.00,0.00
5292,1162,230,1,39.99,15.00
5293,1163,213,1,219.00,15.00
5294,1163,212,2,99.00,20.00
5295,1164,207,1,42.00,0.00
5296,1165,216,1,89.50,0.00
5297,1166,217,1,45.00,0.00
5298,1166,224,1,28.00,0.00
5299,1167,220,1,36.00,0.00
5300,1167,208,1,119.99,0.00
5301,1168,224,1,28.00,0.00
5302,1168,227,2,15.00,0.00
5303,1169,206,1,59.99,15.00
5304,1169,234,1,12.00,0.00
5305,1170,213,1,219.00,20.00
5306,1170,235,1,35.00,0.00
5307,1170,210,1,49.99,15.00
5308,1171,204,1,289.00,10.00
5309,1172,220,1,36.00,20.00
5310,1172,202,1,89.99,0.00
5311,1173,205,1,29.99,0.00
5312,1174,212,2,99.00,20.00
5313,1175,225,1,65.00,15.00
5314,1176,208,1,119.99,0.00
5315,1176,212,1,99.00,0.00
5316,1176,235,2,35.00,20.00
5317,1177,228,1,52.00,0.00
5318,1177,235,1,35.00,0.00
5319,1178,203,1,79.50,0.00
5320,1178,227,1,15.00,0.00
5321,1179,204,1,289.00,0.00
5322,1180,204,1,289.00,0.00
5323,1181,221,1,45.00,0.00
5324,1181,216,3,89.50,10.00
5325,1182,212,1,99.00,5.00
5326,1183,225,1,65.00,5.00
5327,1183,234,1,12.00,0.00
5328,1183,221,1,45.00,20.00
5329,1184,210,2,49.99,0.00
5330,1185,225,1,65.00,0.00
5331,1185,216,1,89.50,5.00
5332,1186,204,1,289.00,10.00
5333,1186,218,1,32.00,0.00
5334,1186,225,1,65.00,20.00
5335,1187,222,1,59.99,0.00
5336,1188,231,1,34.50,15.00
5337,1188,216,1,89.50,0.00
5338,1189,235,1,35.00,0.00
5339,1190,231,2,34.50,0.00
5340,1190,221,1,45.00,0.00
5341,1191,227,1,15.00,0.00
5342,1192,216,1,89.50,15.00
5343,1192,232,1,27.99,0.00
5344,1193,230,1,39.99,0.00
5345,1193,211,1,74.99,15.00
5346,1194,204,2,289.00,15.00
5347,1194,234,1,12.00,0.00
5348,1194,203,1,79.50,0.00
5349,1194,205,2,29.99,0.00
5350,1195,233,1,22.50,0.00
5351,1196,235,1,35.00,0.00
5352,1197,219,1,24.50,0.00
5353,1197,202,1,89.99,5.00
5354,1198,213,1,219.00,0.00
5355,1199,226,1,18.00,0.00
5356,1200,206,1,59.99,10.00
5357,1200,203,1,79.50,15.00
5358,1200,226,1,18.00,0.00
5359,1201,222,2,59.99,0.00
5360,1201,207,1,42.00,20.00
5361,1202,205,1,29.99,0.00
5362,1203,221,1,45.00,0.00
5363,1204,205,1,29.99,0.00
5364,1204,220,1,36.00,20.00
5365,1204,211,1,74.99,10.00
5366,1205,206,1,59.99,0.00
5367,1206,222,1,59.99,0.00
5368,1206,226,2,18.00,0.00
5369,1206,221,1,45.00,0.00
5370,1207,225,1,65.00,10.00
5371,1208,210,1,49.99,20.00
5372,1209,207,1,42.00,0.00
5373,1210,206,1,59.99,5.00
5374,1211,206,1,59.99,0.00
5375,1212,225,2,65.00,15.00
5376,1213,225,1,65.00,0.00
5377,1214,228,1,52.00,0.00
5378,1215,232,1,27.99,0.00
5379,1215,213,1,219.00,5.00
5380,1215,230,1,39.99,10.00
5381,1216,209,1,84.99,10.00
5382,1217,226,3,18.00,0.00
5383,1218,218,2,32.00,5.00
5384,1219,235,1,35.00,10.00
5385,1219,212,1,99.00,15.00
5386,1220,205,1,29.99,0.00
5387,1220,227,1,15.00,0.00
5388,1220,232,1,27.99,0.00
5389,1221,231,1,34.50,10.00
5390,1222,224,1,28.00,0.00
5391,1222,235,2,35.00,0.00
5392,1223,203,1,79.50,15.00
5393,1224,228,1,52.00,15.00
5394,1224,207,1,42.00,10.00
5395,1224,201,1,129.99,0.00
5396,1224,217,1,45.00,5.00
5397,1225,231,2,34.50,0.00
5398,1225,207,1,42.00,15.00
5399,1225,219,1,24.50,0.00
5400,1225,227,1,15.00,0.00
5401,1226,207,1,42.00,15.00
5402,1227,208,1,119.99,0.00
5403,1228,216,1,89.50,0.00
5404,1228,234,1,12.00,0.00
5405,1228,212,3,99.00,0.00
5406,1229,226,1,18.00,0.00
5407,1229,202,2,89.99,5.00
5408,1230,214,2,349.99,20.00
5409,1230,218,2,32.00,10.00
5410,1231,230,1,39.99,15.00
5411,1232,226,1,18.00,0.00
5412,1232,208,2,119.99,10.00
5413,1233,209,1,84.99,0.00
5414,1234,233,1,22.50,0.00
5415,1234,225,1,65.00,5.00
5416,1235,212,1,99.00,0.00
5417,1235,211,1,74.99,20.00
5418,1236,213,3,219.00,10.00
5419,1236,225,1,65.00,5.00
5420,1237,232,1,27.99,0.00
5421,1237,211,2,74.99,0.00
5422,1237,206,1,59.99,0.00
5423,1238,232,1,27.99,0.00
5424,1238,233,1,22.50,0.00
5425,1239,203,1,79.50,5.00
5426,1239,229,1,19.99,0.00
5427,1239,235,2,35.00,20.00
5428,1240,206,1,59.99,0.00
5429,1241,223,1,85.00,0.00
5430,1241,228,2,52.00,20.00
5431,1242,235,1,35.00,15.00
5432,1242,211,1,74.99,10.00
5433,1243,227,2,15.00,0.00
5434,1244,221,2,45.00,20.00
5435,1245,218,1,32.00,0.00
5436,1245,227,1,15.00,0.00
5437,1246,224,3,28.00,0.00
5438,1246,230,1,39.99,0.00
5439,1247,223,2,85.00,5.00
5440,1247,205,1,29.99,0.00
5441,1248,219,1,24.50,0.00
5442,1249,204,1,289.00,20.00
5443,1249,203,2,79.50,0.00
5444,1250,228,1,52.00,15.00
5445,1251,224,1,28.00,0.00
5446,1252,215,1,49.99,15.00
5447,1252,228,1,52.00,0.00
5448,1253,229,1,19.99,0.00
5449,1254,231,1,34.50,0.00
5450,1254,205,1,29.99,0.00
5451,1255,209,1,84.99,10.00
5452,1255,225,1,65.00,15.00
5453,1255,210,1,49.99,0.00
5454,1256,227,1,15.00,0.00
5455,1257,208,1,119.99,5.00
5456,1258,206,1,59.99,10.00
5457,1259,220,1,36.00,10.00
5458,1260,204,2,289.00,20.00
5459,1261,205,1,29.99,0.00
5460,1262,227,1,15.00,0.00
5461,1263,205,1,29.99,0.00
5462,1263,202,2,89.99,20.00
5463,1263,201,1,129.99,0.00
5464,1263,217,1,45.00,10.00
5465,1264,235,1,35.00,0.00
5466,1265,214,1,349.99,5.00
5467,1265,210,1,49.99,20.00
5468,1266,216,1,89.50,0.00
5469,1267,220,1,36.00,15.00
5470,1267,212,1,99.00,0.00
5471,1268,217,1,45.00,15.00
5472,1268,211,2,74.99,0.00
5473,1269,228,1,52.00,0.00
5474,1270,233,1,22.50,0.00
5475,1270,224,2,28.00,0.00
5476,1271,208,1,119.99,0.00
5477,1271,215,1,49.99,20.00
5478,1272,210,1,49.99,20.00
5479,1273,215,1,49.99,15.00
5480,1273,221,1,45.00,20.00
5481,1274,204,1,289.00,10.00
5482,1274,212,3,99.00,5.00
5483,1275,221,1,45.00,0.00
5484,1275,206,1,59.99,20.00
5485,1275,230,1,39.99,10.00
5486,1276,213,1,219.00,5.00
5487,1276,235,1,35.00,10.00
5488,1276,216,1,89.50,20.00
5489,1276,210,1,49.99,0.00
5490,1277,220,1,36.00,10.00
5491,1278,210,2,49.99,20.00
5492,1278,218,1,32.00,15.00
5493,1278,206,2,59.99,5.00
5494,1278,203,3,79.50,0.00
5495,1279,226,1,18.00,0.00
5496,1279,205,1,29.99,0.00
5497,1280,221,2,45.00,5.00
5498,1281,205,2,29.99,0.00
5499,1282,229,1,19.99,0.00
5500,1283,214,1,349.99,0.00
5501,1283,229,1,19.99,0.00
5502,1283,220,2,36.00,0.00
5503,1283,230,2,39.99,15.00
5504,1284,216,3,89.50,5.00
5505,1285,212,1,99.00,5.00
5506,1286,230,1,39.99,20.00
5507,1287,215,2,49.99,0.00
5508,1287,209,1,84.99,15.00
5509,1287,213,1,219.00,10.00
5510,1288,229,2,19.99,0.00
5511,1289,204,2,289.00,5.00
5512,1289,211,1,74.99,5.00
5513,1289,228,1,52.00,0.00
5514,1290,210,1,49.99,10.00
5515,1291,231,1,34.50,5.00
5516,1291,204,1,289.00,0.00
5517,1292,235,1,35.00,20.00
5518,1292,202,1,89.99,10.00
5519,1292,225,1,65.00,5.00
5520,1292,223,1,85.00,0.00
5521,1293,231,1,34.50,20.00
5522,1294,216,1,89.50,20.00
5523,1295,225,2,65.00,20.00
5524,1295,223,1,85.00,0.00
5525,1296,202,1,89.99,0.00
5526,1297,232,1,27.99,0.00
5527,1297,235,1,35.00,0.00
5528,1297,220,1,36.00,0.00
5529,1298,213,2,219.00,0.00
5530,1299,210,2,49.99,20.00
5531,1300,226,1,18.00,0.00
5532,1300,207,1,42.00,0.00
5533,1301,212,1,99.00,10.00
5534,1301,223,2,85.00,5.00
5535,1302,226,1,18.00,0.00
5536,1302,203,1,79.50,20.00
5537,1303,232,1,27.99,0.00
5538,1304,211,1,74.99,0.00
5539,1304,206,1,59.99,0.00
5540,1304,222,1,59.99,20.00
5541,1304,229,1,19.99,0.00
5542,1305,211,1,74.99,5.00
5543,1305,227,1,15.00,0.00
5544,1306,215,1,49.99,20.00
5545,1306,211,2,74.99,0.00
5546,1307,211,2,74.99,0.00
5547,1308,231,1,34.50,5.00
5548,1309,207,1,42.00,0.00
5549,1310,219,1,24.50,0.00
5550,1310,220,1,36.00,10.00
5551,1311,228,1,52.00,20.00
5552,1312,211,1,74.99,0.00
5553,1313,217,1,45.00,5.00
5554,1313,206,1,59.99,5.00
5555,1314,230,1,39.99,20.00
5556,1315,207,1,42.00,20.00
5557,1315,206,1,59.99,20.00
5558,1316,234,1,12.00,0.00
5559,1316,227,2,15.00,0.00
5560,1316,235,1,35.00,0.00
5561,1317,203,2,79.50,15.00
5562,1317,233,3,22.50,0.00
5563,1317,234,1,12.00,0.00
5564,1318,213,1,219.00,15.00
5565,1318,209,1,84.99,20.00
5566,1318,203,1,79.50,20.00
5567,1318,228,1,52.00,0.00
5568,1319,221,1,45.00,20.00
5569,1319,218,1,32.00,15.00
5570,1320,210,1,49.99,10.00
5571,1321,219,2,24.50,0.00
5572,1321,235,2,35.00,0.00
5573,1322,212,1,99.00,10.00
5574,1322,218,1,32.00,15.00
5575,1323,204,2,289.00,0.00
5576,1323,231,1,34.50,20.00
5577,1324,207,1,42.00,15.00
5578,1324,215,1,49.99,20.00
5579,1324,209,1,84.99,15.00
5580,1325,227,1,15.00,0.00
5581,1326,211,1,74.99,10.00
5582,1326,205,1,29.99,0.00
5583,1327,213,2,219.00,0.00
5584,1328,218,2,32.00,10.00
5585,1328,224,1,28.00,0.00
5586,1329,229,3,19.99,0.00
5587,1329,212,1,99.00,10.00
5588,1330,206,1,59.99,0.00
5589,1330,219,1,24.50,0.00
5590,1331,214,1,349.99,5.00
5591,1332,231,1,34.50,10.00
5592,1332,209,2,84.99,0.00
5593,1333,228,2,52.00,5.00
5594,1333,225,1,65.00,5.00
5595,1334,201,3,129.99,20.00
5596,1334,233,2,22.50,0.00
5597,1335,205,1,29.99,0.00
5598,1336,220,1,36.00,20.00
5599,1336,213,1,219.00,0.00
5600,1337,202,3,89.99,0.00
5601,1337,232,2,27.99,0.00
5602,1338,213,1,219.00,0.00
5603,1338,222,1,59.99,15.00
5604,1339,212,1,99.00,15.00
5605,1339,219,1,24.50,0.00
5606,1339,207,2,42.00,20.00
5607,1340,215,1,49.99,0.00
5608,1341,230,1,39.99,20.00
5609,1341,208,1,119.99,10.00
5610,1342,225,1,65.00,0.00
5611,1342,234,2,12.00,0.00
5612,1343,230,1,39.99,20.00
5613,1344,212,1,99.00,0.00
5614,1344,221,1,45.00,0.00
5615,1345,206,1,59.99,5.00
5616,1346,225,1,65.00,0.00
5617,1346,201,3,129.99,0.00
5618,1346,203,2,79.50,10.00
5619,1346,235,1,35.00,15.00
5620,1347,220,1,36.00,10.00
5621,1347,209,1,84.99,0.00
5622,1347,207,2,42.00,0.00
5623,1348,222,2,59.99,0.00
5624,1348,228,1,52.00,5.00
5625,1349,215,1,49.99,0.00
5626,1350,224,1,28.00,0.00
5627,1351,204,1,289.00,0.00
5628,1351,207,1,42.00,0.00
5629,1352,231,1,34.50,15.00
5630,1352,210,1,49.99,0.00
5631,1353,209,1,84.99,0.00
5632,1354,232,1,27.99,0.00
5633,1354,213,2,219.00,20.00
5634,1355,211,1,74.99,5.00
5635,1356,206,2,59.99,20.00
5636,1357,205,2,29.99,0.00
5637,1357,207,1,42.00,5.00
5638,1358,212,2,99.00,20.00
5639,1359,208,1,119.99,20.00
5640,1360,222,2,59.99,10.00
5641,1360,223,1,85.00,15.00
5642,1361,226,3,18.00,0.00
5643,1362,211,1,74.99,15.00
5644,1362,208,1,119.99,20.00
5645,1363,229,1,19.99,0.00
5646,1363,212,2,99.00,10.00
5647,1364,227,1,15.00,0.00
5648,1365,234,2,12.00,0.00
5649,1366,234,1,12.00,0.00
5650,1366,207,1,42.00,0.00
5651,1366,228,1,52.00,15.00
5652,1367,211,1,74.99,5.00
5653,1368,216,3,89.50,0.00
5654,1368,222,1,59.99,10.00
5655,1369,229,2,19.99,0.00
5656,1370,232,1,27.99,0.00
5657,1371,201,2,129.99,20.00
5658,1372,230,3,39.99,0.00
5659,1373,231,1,34.50,0.00
5660,1373,224,1,28.00,0.00
5661,1374,219,1,24.50,0.00
5662,1375,227,1,15.00,0.00
5663,1375,207,1,42.00,0.00
5664,1376,207,1,42.00,15.00
5665,1376,227,2,15.00,0.00
5666,1377,233,3,22.50,0.00
5667,1377,209,1,84.99,15.00
5668,1378,233,1,22.50,0.00
5669,1378,212,1,99.00,20.00
5670,1379,221,2,45.00,5.00
5671,1379,233,3,22.50,0.00
5672,1380,219,1,24.50,0.00
5673,1380,229,2,19.99,0.00
5674,1380,209,1,84.99,20.00
5675,1380,227,1,15.00,0.00
5676,1381,219,1,24.50,0.00
5677,1382,212,1,99.00,20.00
5678,1382,233,1,22.50,0.00
5679,1382,235,1,35.00,10.00
5680,1382,221,2,45.00,15.00
5681,1383,234,1,12.00,0.00
5682,1383,207,1,42.00,0.00
5683,1383,202,1,89.99,20.00
5684,1384,204,1,289.00,0.00
5685,1385,207,1,42.00,20.00
5686,1385,215,2,49.99,15.00
5687,1385,225,1,65.00,15.00
5688,1386,221,1,45.00,20.00
5689,1386,204,2,289.00,20.00
5690,1386,201,1,129.99,0.00
5691,1386,217,2,45.00,15.00
5692,1387,213,1,219.00,15.00
5693,1387,219,1,24.50,0.00
5694,1388,218,1,32.00,0.00
5695,1389,210,1,49.99,0.00
5696,1390,220,2,36.00,10.00
5697,1390,232,1,27.99,0.00
5698,1391,234,1,12.00,0.00
5699,1391,205,1,29.99,0.00
5700,1391,233,1,22.50,0.00
5701,1391,211,1,74.99,0.00
5702,1392,234,1,12.00,0.00
5703,1393,216,2,89.50,10.00
5704,1394,225,1,65.00,0.00
5705,1394,208,1,119.99,10.00
5706,1394,217,2,45.00,0.00
5707,1395,213,1,219.00,0.00
5708,1396,205,1,29.99,0.00
5709,1396,214,2,349.99,20.00
5710,1397,228,1,52.00,0.00
5711,1397,205,1,29.99,0.00
5712,1398,212,2,99.00,10.00
5713,1399,229,1,19.99,0.00
5714,1400,235,1,35.00,10.00
5715,1400,201,1,129.99,15.00
5716,1401,233,1,22.50,0.00
5717,1402,229,1,19.99,0.00
5718,1403,209,2,84.99,20.00
5719,1403,226,1,18.00,0.00
5720,1404,224,1,28.00,0.00
5721,1404,201,1,129.99,10.00
5722,1404,210,1,49.99,10.00
5723,1405,223,1,85.00,15.00
5724,1405,214,2,349.99,0.00
5725,1406,213,1,219.00,10.00
5726,1406,208,2,119.99,20.00
5727,1406,212,2,99.00,10.00
5728,1407,217,1,45.00,10.00
5729,1407,207,1,42.00,0.00
5730,1408,219,1,24.50,0.00
5731,1409,220,1,36.00,0.00
5732,1410,211,2,74.99,15.00
5733,1410,201,1,129.99,5.00
5734,1410,221,1,45.00,0.00
5735,1410,216,1,89.50,15.00
5736,1411,220,1,36.00,0.00
5737,1412,213,1,219.00,0.00
5738,1412,217,2,45.00,15.00
5739,1412,205,1,29.99,0.00
5740,1413,203,1,79.50,10.00
5741,1413,217,1,45.00,20.00
5742,1414,219,1,24.50,0.00
5743,1414,209,1,84.99,0.00
5744,1414,230,1,39.99,15.00
5745,1415,211,1,74.99,10.00
5746,1416,223,1,85.00,5.00
5747,1416,203,1,79.50,0.00
5748,1417,224,1,28.00,0.00
5749,1418,234,1,12.00,0.00
5750,1419,225,1,65.00,20.00
5751,1419,224,1,28.00,0.00
5752,1420,223,1,85.00,5.00
5753,1421,215,1,49.99,15.00
5754,1422,208,1,119.99,5.00
5755,1423,214,1,349.99,5.00
5756,1423,211,1,74.99,0.00
5757,1424,233,1,22.50,0.00
5758,1425,212,1,99.00,5.00
5759,1426,219,1,24.50,0.00
5760,1426,206,3,59.99,20.00
5761,1426,214,1,349.99,0.00
5762,1427,233,1,22.50,0.00
5763,1428,215,1,49.99,0.00
5764,1428,225,1,65.00,10.00
5765,1429,231,2,34.50,10.00
5766,1430,231,1,34.50,10.00
5767,1431,234,1,12.00,0.00
5768,1431,227,1,15.00,0.00
5769,1432,225,1,65.00,15.00
5770,1432,223,2,85.00,20.00
5771,1433,231,2,34.50,20.00
5772,1434,213,1,219.00,15.00
5773,1435,225,1,65.00,0.00
5774,1435,214,1,349.99,0.00
5775,1436,235,1,35.00,0.00
5776,1437,227,1,15.00,0.00
5777,1437,231,1,34.50,5.00
5778,1438,226,2,18.00,0.00
5779,1438,209,1,84.99,15.00
5780,1439,233,1,22.50,0.00
5781,1440,204,1,289.00,15.00
5782,1440,211,1,74.99,0.00
5783,1441,217,1,45.00,0.00
5784,1442,226,1,18.00,0.00
5785,1442,234,1,12.00,0.00
5786,1442,219,2,24.50,0.00
5787,1443,234,1,12.00,0.00
5788,1444,211,1,74.99,0.00
5789,1445,226,1,18.00,0.00
5790,1445,223,1,85.00,0.00
5791,1445,213,1,219.00,15.00
5792,1445,234,2,12.00,0.00
5793,1446,213,1,219.00,5.00
5794,1447,207,1,42.00,10.00
5795,1448,235,1,35.00,20.00
5796,1448,217,1,45.00,0.00
5797,1448,229,3,19.99,0.00
5798,1448,225,1,65.00,5.00
5799,1449,225,1,65.00,0.00
5800,1450,234,1,12.00,0.00
5801,1450,235,1,35.00,15.00
5802,1450,201,1,129.99,0.00
5803,1450,217,1,45.00,0.00
5804,1451,218,1,32.00,0.00
5805,1451,212,1,99.00,0.00
5806,1451,213,2,219.00,0.00
5807,1452,207,1,42.00,0.00
5808,1453,235,2,35.00,0.00
5809,1453,203,1,79.50,5.00
5810,1454,233,2,22.50,0.00
5811,1454,218,1,32.00,10.00
5812,1454,226,2,18.00,0.00
5813,1454,215,1,49.99,10.00
5814,1455,212,1,99.00,5.00
5815,1455,230,1,39.99,0.00
5816,1455,208,1,119.99,0.00
5817,1456,217,1,45.00,0.00
5818,1457,212,1,99.00,0.00
5819,1458,212,1,99.00,10.00
5820,1459,216,1,89.50,20.00
5821,1460,201,1,129.99,5.00
5822,1461,232,1,27.99,0.00
5823,1462,211,1,74.99,20.00
5824,1463,222,1,59.99,0.00
5825,1464,208,1,119.99,15.00
5826,1465,235,3,35.00,0.00
5827,1465,212,1,99.00,15.00
5828,1466,206,1,59.99,0.00
5829,1467,222,2,59.99,0.00
5830,1467,227,1,15.00,0.00
5831,1467,226,1,18.00,0.00
5832,1468,226,2,18.00,0.00
5833,1468,218,2,32.00,0.00
5834,1469,202,1,89.99,0.00
5835,1470,214,1,349.99,0.00
5836,1470,211,1,74.99,5.00
5837,1471,206,1,59.99,10.00
5838,1472,216,1,89.50,5.00
5839,1473,202,2,89.99,0.00
5840,1473,203,2,79.50,5.00
5841,1473,223,3,85.00,10.00
5842,1474,235,1,35.00,15.00
5843,1474,212,1,99.00,0.00
5844,1474,230,1,39.99,0.00
5845,1474,228,2,52.00,5.00
5846,1475,201,1,129.99,20.00
5847,1476,201,2,129.99,5.00
5848,1476,232,1,27.99,0.00
5849,1477,201,1,129.99,0.00
5850,1478,225,2,65.00,0.00
5851,1479,218,1,32.00,15.00
5852,1480,212,1,99.00,5.00
5853,1480,209,1,84.99,0.00
5854,1480,219,1,24.50,0.00
5855,1481,235,1,35.00,0.00
5856,1482,201,1,129.99,0.00
5857,1483,232,3,27.99,0.00
5858,1484,210,2,49.99,0.00
5859,1484,204,1,289.00,0.00
5860,1484,218,1,32.00,20.00
5861,1485,216,1,89.50,15.00
5862,1485,225,2,65.00,10.00
5863,1485,229,1,19.99,0.00
5864,1485,203,1,79.50,5.00
5865,1486,203,1,79.50,5.00
5866,1486,234,1,12.00,0.00
5867,1487,208,1,119.99,5.00
5868,1488,226,1,18.00,0.00
5869,1488,216,1,89.50,20.00
5870,1489,206,1,59.99,5.00
5871,1490,223,1,85.00,15.00
5872,1491,223,2,85.00,5.00
5873,1492,209,1,84.99,0.00
5874,1493,232,1,27.99,0.00
5875,1493,213,1,219.00,0.00
5876,1494,211,1,74.99,0.00
5877,1494,205,2,29.99,0.00
5878,1494,234,1,12.00,0.00
5879,1495,212,1,99.00,0.00
5880,1495,202,2,89.99,0.00
5881,1496,213,2,219.00,0.00
5882,1496,234,1,12.00,0.00
5883,1496,232,1,27.99,0.00
5884,1497,205,2,29.99,0.00
5885,1497,203,1,79.50,20.00
5886,1498,203,1,79.50,20.00
5887,1499,217,1,45.00,10.00
5888,1499,204,1,289.00,0.00
5889,1500,204,2,289.00,20.00
5890,1500,224,1,28.00,0.00
5891,1500,227,2,15.00,0.00
5892,1501,220,1,36.00,0.00
5893,1502,225,1,65.00,10.00
5894,1503,227,1,15.00,0.00
5895,1503,207,1,42.00,5.00
5896,1503,223,2,85.00,0.00
5897,1504,211,1,74.99,10.00
5898,1505,221,2,45.00,0.00
5899,1505,224,1,28.00,0.00
5900,1505,227,1,15.00,0.00
5901,1505,228,1,52.00,20.00
5902,1506,226,1,18.00,0.00
5903,1507,220,1,36.00,0.00
5904,1507,201,1,129.99,0.00
5905,1508,210,1,49.99,0.00
5906,1508,207,1,42.00,0.00
5907,1509,220,1,36.00,5.00
5908,1510,231,1,34.50,15.00
5909,1510,212,1,99.00,20.00
5910,1511,225,2,65.00,0.00
5911,1511,206,1,59.99,20.00
5912,1511,204,1,289.00,20.00
5913,1512,201,1,129.99,0.00
5914,1512,225,1,65.00,10.00
5915,1512,204,1,289.00,10.00
5916,1513,226,2,18.00,0.00
5917,1513,229,1,19.99,0.00
5918,1514,210,1,49.99,5.00
5919,1514,209,1,84.99,0.00
5920,1515,228,2,52.00,0.00
5921,1516,226,1,18.00,0.00
5922,1517,216,1,89.50,5.00
5923,1517,205,1,29.99,0.00
5924,1518,224,1,28.00,0.00
5925,1519,220,1,36.00,0.00
5926,1520,215,1,49.99,0.00
5927,1521,210,2,49.99,20.00
5928,1522,220,1,36.00,0.00
5929,1522,229,1,19.99,0.00
5930,1522,231,1,34.50,10.00
5931,1523,210,1,49.99,15.00
5932,1523,202,1,89.99,0.00
5933,1524,218,1,32.00,0.00
5934,1524,204,1,289.00,15.00
5935,1525,225,1,65.00,5.00
5936,1526,235,1,35.00,5.00
5937,1526,206,1,59.99,15.00
5938,1526,212,1,99.00,0.00
5939,1527,211,1,74.99,15.00
5940,1528,233,1,22.50,0.00
5941,1529,218,1,32.00,5.00
5942,1529,215,1,49.99,0.00
5943,1529,210,1,49.99,10.00
5944,1530,228,2,52.00,0.00
5945,1530,220,1,36.00,0.00
5946,1531,213,1,219.00,15.00
5947,1531,209,2,84.99,0.00
5948,1532,221,2,45.00,0.00
5949,1532,205,1,29.99,0.00
5950,1532,235,2,35.00,0.00
5951,1533,227,1,15.00,0.00
5952,1533,220,2,36.00,15.00
5953,1533,229,2,19.99,0.00
5954,1534,212,1,99.00,10.00
5955,1535,215,1,49.99,15.00
5956,1535,202,2,89.99,0.00
5957,1536,225,1,65.00,0.00
5958,1537,201,2,129.99,5.00
5959,1538,229,2,19.99,0.00
5960,1539,203,1,79.50,20.00
5961,1540,235,1,35.00,5.00
5962,1540,234,1,12.00,0.00
5963,1540,203,2,79.50,0.00
5964,1541,225,1,65.00,15.00
5965,1542,220,2,36.00,0.00
5966,1543,204,2,289.00,5.00
5967,1543,234,2,12.00,0.00
5968,1544,235,1,35.00,5.00
5969,1545,213,1,219.00,0.00
5970,1545,230,1,39.99,15.00
5971,1546,224,1,28.00,0.00
5972,1546,206,1,59.99,20.00
5973,1547,211,2,74.99,10.00
5974,1548,204,1,289.00,0.00
5975,1549,209,3,84.99,0.00
5976,1550,232,2,27.99,0.00
5977,1550,235,1,35.00,5.00
5978,1551,227,1,15.00,0.00
5979,1551,229,1,19.99,0.00
5980,1552,214,1,349.99,0.00
5981,1552,204,1,289.00,0.00
5982,1553,220,1,36.00,5.00
5983,1553,222,3,59.99,0.00
5984,1553,206,1,59.99,10.00
5985,1554,224,1,28.00,0.00
5986,1554,203,2,79.50,20.00
5987,1554,206,1,59.99,5.00
5988,1554,220,2,36.00,0.00
5989,1555,218,1,32.00,10.00
5990,1555,222,1,59.99,0.00
5991,1556,234,1,12.00,0.00
5992,1556,206,1,59.99,20.00
5993,1557,217,2,45.00,10.00
5994,1557,234,1,12.00,0.00
5995,1557,223,1,85.00,15.00
5996,1558,219,3,24.50,0.00
5997,1559,208,2,119.99,5.00
5998,1559,214,1,349.99,0.00
5999,1560,213,1,219.00,0.00
6000,1561,201,1,129.99,0.00
6001,1561,208,1,119.99,10.00
6002,1562,222,2,59.99,5.00
6003,1563,230,2,39.99,5.00
6004,1563,235,2,35.00,5.00
6005,1564,221,1,45.00,10.00
6006,1564,235,1,35.00,20.00
6007,1565,222,2,59.99,10.00
6008,1565,225,1,65.00,0.00
6009,1565,235,1,35.00,20.00
6010,1566,218,1,32.00,0.00
6011,1566,227,1,15.00,0.00
6012,1567,224,2,28.00,0.00
6013,1568,231,1,34.50,0.00
6014,1568,233,2,22.50,0.00
6015,1569,207,2,42.00,10.00
6016,1570,225,1,65.00,10.00
6017,1571,206,1,59.99,0.00
6018,1571,222,1,59.99,20.00
6019,1572,214,1,349.99,0.00
6020,1572,221,1,45.00,0.00
6021,1573,211,1,74.99,0.00
6022,1574,223,1,85.00,0.00
6023,1575,220,1,36.00,0.00
6024,1576,204,1,289.00,0.00
6025,1577,229,1,19.99,0.00
6026,1577,223,2,85.00,15.00
6027,1578,209,2,84.99,15.00
6028,1578,206,1,59.99,5.00
6029,1579,210,1,49.99,15.00
6030,1579,217,2,45.00,0.00
6031,1579,224,2,28.00,0.00
6032,1580,208,1,119.99,5.00
6033,1581,209,1,84.99,20.00
6034,1581,233,1,22.50,0.00
6035,1582,220,1,36.00,5.00
6036,1583,211,3,74.99,5.00
6037,1584,228,1,52.00,0.00
6038,1584,222,1,59.99,15.00
6039,1585,230,1,39.99,20.00
6040,1585,221,1,45.00,0.00
6041,1586,225,1,65.00,15.00
6042,1586,221,1,45.00,0.00
6043,1587,210,1,49.99,10.00
6044,1587,229,1,19.99,0.00
6045,1587,235,1,35.00,15.00
6046,1588,228,1,52.00,0.00
6047,1589,226,1,18.00,0.00
6048,1589,209,1,84.99,0.00
6049,1589,219,1,24.50,0.00
6050,1589,204,1,289.00,0.00
6051,1590,226,1,18.00,0.00
6052,1591,214,1,349.99,5.00
6053,1592,224,1,28.00,0.00
6054,1592,227,2,15.00,0.00
6055,1592,210,1,49.99,0.00
6056,1593,228,1,52.00,20.00
6057,1593,209,1,84.99,5.00
6058,1593,206,2,59.99,15.00
6059,1594,228,1,52.00,0.00
6060,1594,229,1,19.99,0.00
6061,1595,216,1,89.50,10.00
6062,1595,233,1,22.50,0.00
6063,1595,218,1,32.00,0.00
6064,1596,231,3,34.50,0.00
6065,1597,234,1,12.00,0.00
6066,1598,205,2,29.99,0.00
6067,1598,235,1,35.00,0.00
6068,1599,233,1,22.50,0.00
6069,1599,231,1,34.50,0.00
6070,1600,220,1,36.00,5.00
6071,1600,217,1,45.00,10.00
6072,1601,232,1,27.99,0.00
6073,1602,218,1,32.00,0.00
6074,1603,210,2,49.99,0.00
6075,1603,229,2,19.99,0.00
6076,1603,224,1,28.00,0.00
6077,1604,210,1,49.99,5.00
6078,1604,232,1,27.99,0.00
6079,1604,227,1,15.00,0.00
6080,1604,225,1,65.00,20.00
6081,1605,208,1,119.99,5.00
6082,1605,204,1,289.00,5.00
6083,1606,225,1,65.00,10.00
6084,1606,231,2,34.50,0.00
6085,1607,234,1,12.00,0.00
6086,1608,228,1,52.00,15.00
6087,1609,217,2,45.00,15.00
6088,1609,226,1,18.00,0.00
6089,1609,230,1,39.99,20.00
6090,1610,212,1,99.00,15.00
6091,1610,221,1,45.00,0.00
6092,1611,229,1,19.99,0.00
6093,1612,206,1,59.99,10.00
6094,1613,208,1,119.99,10.00
6095,1614,212,1,99.00,15.00
6096,1614,208,2,119.99,15.00
6097,1614,217,1,45.00,0.00
6098,1615,221,1,45.00,0.00
6099,1615,217,1,45.00,0.00
6100,1616,217,1,45.00,0.00
6101,1617,232,1,27.99,0.00
6102,1618,229,1,19.99,0.00
6103,1618,217,1,45.00,10.00
6104,1619,232,1,27.99,0.00
6105,1620,210,1,49.99,5.00
6106,1621,232,1,27.99,0.00
6107,1621,231,1,34.50,20.00
6108,1621,228,2,52.00,10.00
6109,1622,231,2,34.50,0.00
6110,1622,208,1,119.99,0.00
6111,1622,235,1,35.00,15.00
6112,1623,222,2,59.99,0.00
6113,1623,206,1,59.99,0.00
6114,1623,230,1,39.99,5.00
6115,1624,207,1,42.00,0.00
6116,1625,209,1,84.99,15.00
6117,1625,203,3,79.50,0.00
6118,1626,232,3,27.99,0.00
6119,1626,235,2,35.00,0.00
6120,1627,203,1,79.50,20.00
6121,1627,226,1,18.00,0.00
6122,1628,215,2,49.99,0.00
6123,1629,203,1,79.50,15.00
6124,1630,220,2,36.00,0.00
6125,1631,207,1,42.00,10.00
6126,1631,208,1,119.99,20.00
6127,1631,232,1,27.99,0.00
6128,1632,235,2,35.00,10.00
6129,1632,209,1,84.99,0.00
6130,1632,221,1,45.00,0.00
6131,1632,214,2,349.99,0.00
6132,1633,203,1,79.50,20.00
6133,1634,232,1,27.99,0.00
6134,1635,219,1,24.50,0.00
6135,1635,227,2,15.00,0.00
6136,1636,234,1,12.00,0.00
6137,1636,229,2,19.99,0.00
6138,1637,206,1,59.99,0.00
6139,1637,220,1,36.00,0.00
6140,1638,235,1,35.00,5.00
6141,1639,210,1,49.99,5.00
6142,1640,204,1,289.00,0.00
6143,1640,224,1,28.00,0.00
6144,1640,219,2,24.50,0.00
6145,1641,235,1,35.00,0.00
6146,1641,212,1,99.00,0.00
6147,1642,221,1,45.00,15.00
6148,1642,227,2,15.00,0.00
6149,1643,227,2,15.00,0.00
6150,1644,204,1,289.00,10.00
6151,1644,228,1,52.00,5.00
6152,1645,223,3,85.00,0.00
6153,1646,218,1,32.00,5.00
6154,1646,209,1,84.99,0.00
6155,1647,211,1,74.99,20.00
6156,1647,215,1,49.99,20.00
6157,1648,228,1,52.00,0.00
6158,1649,210,2,49.99,0.00
6159,1650,233,1,22.50,0.00
6160,1650,203,1,79.50,20.00
6161,1651,201,1,129.99,5.00
6162,1652,206,1,59.99,15.00
6163,1653,202,2,89.99,5.00
6164,1653,230,1,39.99,20.00
6165,1653,209,1,84.99,5.00
6166,1654,222,1,59.99,0.00
6167,1655,214,1,349.99,0.00
6168,1655,206,1,59.99,0.00
6169,1656,230,1,39.99,0.00
6170,1657,214,3,349.99,0.00
6171,1657,209,1,84.99,15.00
6172,1658,215,1,49.99,0.00
6173,1658,221,1,45.00,5.00
6174,1659,232,1,27.99,0.00
6175,1660,235,1,35.00,0.00
6176,1660,219,2,24.50,0.00
6177,1661,226,2,18.00,0.00
6178,1662,210,1,49.99,20.00
6179,1663,235,2,35.00,5.00
6180,1664,219,1,24.50,0.00
6181,1664,213,2,219.00,0.00
6182,1665,221,1,45.00,15.00
6183,1666,209,1,84.99,0.00
6184,1666,220,1,36.00,0.00
6185,1667,211,1,74.99,0.00
6186,1668,210,1,49.99,0.00
6187,1668,211,1,74.99,5.00
6188,1668,216,1,89.50,0.00
6189,1668,208,1,119.99,15.00
6190,1669,235,3,35.00,10.00
6191,1670,210,1,49.99,15.00
6192,1670,230,1,39.99,10.00
6193,1670,221,1,45.00,15.00
6194,1671,210,1,49.99,0.00
6195,1671,229,1,19.99,0.00
6196,1671,222,1,59.99,0.00
6197,1671,208,1,119.99,10.00
6198,1672,213,1,219.00,0.00
6199,1673,229,1,19.99,0.00
6200,1674,233,2,22.50,0.00
6201,1674,204,1,289.00,0.00
6202,1675,219,1,24.50,0.00
6203,1676,229,1,19.99,0.00
6204,1677,228,2,52.00,10.00
6205,1677,227,1,15.00,0.00
6206,1677,209,1,84.99,5.00
6207,1678,206,1,59.99,0.00
6208,1678,201,1,129.99,10.00
6209,1679,225,1,65.00,5.00
6210,1680,230,1,39.99,0.00
6211,1680,215,1,49.99,0.00
6212,1681,219,1,24.50,0.00
6213,1681,227,2,15.00,0.00
6214,1682,232,1,27.99,0.00
6215,1682,205,1,29.99,0.00
6216,1683,231,1,34.50,15.00
6217,1683,208,1,119.99,20.00
6218,1684,230,2,39.99,0.00
6219,1685,223,1,85.00,0.00
6220,1686,212,1,99.00,0.00
6221,1686,207,1,42.00,20.00
6222,1687,224,1,28.00,0.00
6223,1687,207,1,42.00,0.00
6224,1688,232,1,27.99,0.00
6225,1689,213,2,219.00,15.00
6226,1689,234,1,12.00,0.00
6227,1690,208,1,119.99,0.00
6228,1690,209,1,84.99,0.00
6229,1690,202,2,89.99,10.00
6230,1691,208,1,119.99,20.00
6231,1692,214,1,349.99,0.00
6232,1693,228,1,52.00,0.00
6233,1693,203,2,79.50,10.00
6234,1694,203,1,79.50,20.00
6235,1694,205,1,29.99,0.00
6236,1694,220,1,36.00,10.00
6237,1695,206,1,59.99,15.00
6238,1696,233,2,22.50,0.00
6239,1697,201,1,129.99,15.00
6240,1698,207,2,42.00,20.00
6241,1698,214,1,349.99,0.00
6242,1699,212,1,99.00,0.00
6243,1699,223,1,85.00,20.00
6244,1699,225,3,65.00,0.00
6245,1699,228,1,52.00,10.00
6246,1700,203,1,79.50,0.00
6247,1700,206,1,59.99,5.00
6248,1701,227,1,15.00,0.00
6249,1702,224,3,28.00,0.00
6250,1702,212,1,99.00,0.00
6251,1702,201,1,129.99,10.00
6252,1703,207,1,42.00,0.00
6253,1704,226,1,18.00,0.00
6254,1705,218,1,32.00,15.00
6255,1705,226,1,18.00,0.00
6256,1706,230,1,39.99,0.00
6257,1707,202,2,89.99,5.00
6258,1707,207,1,42.00,0.00
6259,1707,204,1,289.00,15.00
6260,1708,205,2,29.99,0.00
6261,1708,234,2,12.00,0.00
6262,1709,217,1,45.00,20.00
6263,1709,235,1,35.00,0.00
6264,1710,221,2,45.00,5.00
6265,1711,220,1,36.00,0.00
6266,1711,211,1,74.99,5.00
6267,1712,235,1,35.00,20.00
6268,1712,231,1,34.50,0.00
6269,1713,223,1,85.00,0.00
6270,1713,219,1,24.50,0.00
6271,1713,221,1,45.00,20.00
6272,1713,204,1,289.00,0.00
6273,1714,223,1,85.00,0.00
6274,1715,206,2,59.99,0.00
6275,1715,205,1,29.99,0.00
6276,1716,228,2,52.00,0.00
6277,1716,233,1,22.50,0.00
6278,1717,221,2,45.00,0.00
6279,1717,207,1,42.00,0.00
6280,1718,211,1,74.99,5.00
6281,1718,220,1,36.00,15.00
6282,1719,220,3,36.00,5.00
6283,1720,222,1,59.99,10.00
6284,1721,205,1,29.99,0.00
6285,1722,221,1,45.00,0.00
6286,1722,213,1,219.00,5.00
6287,1723,234,1,12.00,0.00
6288,1723,212,1,99.00,20.00
6289,1724,228,1,52.00,0.00
6290,1724,204,1,289.00,0.00
6291,1725,205,1,29.99,0.00
6292,1726,216,1,89.50,0.00
6293,1727,220,1,36.00,5.00
6294,1727,230,1,39.99,0.00
6295,1728,218,1,32.00,0.00
6296,1729,204,1,289.00,0.00
6297,1729,206,2,59.99,5.00
6298,1730,216,2,89.50,10.00
6299,1730,208,1,119.99,10.00
6300,1730,233,2,22.50,0.00
6301,1731,208,2,119.99,0.00
6302,1732,216,1,89.50,0.00
6303,1732,228,1,52.00,0.00
6304,1732,214,1,349.99,0.00
6305,1733,208,1,119.99,5.00
6306,1734,224,2,28.00,0.00
6307,1735,204,1,289.00,5.00
6308,1735,216,1,89.50,15.00
6309,1736,225,2,65.00,0.00
6310,1736,201,1,129.99,20.00
6311,1736,226,2,18.00,0.00
6312,1737,227,1,15.00,0.00
6313,1737,203,1,79.50,20.00
6314,1738,222,2,59.99,15.00
6315,1738,228,1,52.00,0.00
6316,1738,207,1,42.00,10.00
6317,1739,202,1,89.99,0.00
6318,1739,204,1,289.00,20.00
6319,1740,220,1,36.00,0.00
6320,1741,209,2,84.99,0.00
6321,1741,227,1,15.00,0.00
6322,1742,221,1,45.00,5.00
6323,1742,219,1,24.50,0.00
6324,1743,202,2,89.99,15.00
6325,1744,211,1,74.99,10.00
6326,1745,211,1,74.99,5.00
6327,1745,208,2,119.99,5.00
6328,1745,201,1,129.99,15.00
6329,1745,234,1,12.00,0.00
6330,1746,228,2,52.00,10.00
6331,1747,212,1,99.00,0.00
6332,1748,216,1,89.50,15.00
6333,1748,224,1,28.00,0.00
6334,1749,226,1,18.00,0.00
6335,1749,214,1,349.99,0.00
6336,1749,225,1,65.00,0.00
6337,1749,228,1,52.00,0.00
6338,1750,203,1,79.50,0.00
6339,1750,201,3,129.99,15.00
6340,1750,217,1,45.00,10.00
6341,1750,233,1,22.50,0.00
6342,1751,222,1,59.99,0.00
6343,1751,230,1,39.99,5.00
6344,1752,209,1,84.99,20.00
6345,1753,217,1,45.00,0.00
6346,1753,234,1,12.00,0.00
6347,1753,221,3,45.00,20.00
6348,1754,204,1,289.00,0.00
6349,1754,213,1,219.00,5.00
6350,1755,232,1,27.99,0.00
6351,1756,210,1,49.99,0.00
6352,1756,208,2,119.99,0.00
6353,1757,214,2,349.99,0.00
6354,1757,201,1,129.99,0.00
6355,1757,234,1,12.00,0.00
6356,1758,208,1,119.99,10.00
6357,1759,231,1,34.50,0.00
6358,1760,229,2,19.99,0.00
6359,1760,221,3,45.00,20.00
6360,1761,219,1,24.50,0.00
6361,1761,221,1,45.00,10.00
6362,1761,204,1,289.00,5.00
6363,1762,206,1,59.99,20.00
6364,1762,202,1,89.99,15.00
6365,1762,214,2,349.99,15.00
6366,1763,220,1,36.00,20.00
6367,1763,209,1,84.99,0.00
6368,1763,223,1,85.00,5.00
6369,1764,228,2,52.00,10.00
6370,1765,233,1,22.50,0.00
6371,1766,232,1,27.99,0.00
6372,1766,234,1,12.00,0.00
6373,1767,231,3,34.50,15.00
6374,1767,220,2,36.00,20.00
6375,1767,210,1,49.99,5.00
6376,1768,203,1,79.50,10.00
6377,1769,217,1,45.00,0.00
6378,1769,223,2,85.00,0.00
6379,1770,203,2,79.50,0.00
6380,1770,206,1,59.99,15.00
6381,1770,227,1,15.00,0.00
6382,1771,212,1,99.00,0.00
6383,1772,202,1,89.99,0.00
6384,1773,226,1,18.00,0.00
6385,1773,232,2,27.99,0.00
6386,1774,226,1,18.00,0.00
6387,1774,220,1,36.00,20.00
6388,1774,206,1,59.99,0.00
6389,1774,209,2,84.99,0.00
6390,1775,235,1,35.00,0.00
6391,1776,208,1,119.99,0.00
6392,1777,229,1,19.99,0.00
6393,1778,201,1,129.99,20.00
6394,1779,219,1,24.50,0.00
6395,1779,203,1,79.50,10.00
6396,1780,202,1,89.99,0.00
6397,1781,231,1,34.50,10.00
6398,1782,211,1,74.99,0.00
6399,1783,222,1,59.99,0.00
6400,1783,230,1,39.99,5.00
6401,1784,219,1,24.50,0.00
6402,1784,206,1,59.99,0.00
6403,1785,232,1,27.99,0.00
6404,1785,220,1,36.00,0.00
6405,1785,216,1,89.50,0.00
6406,1786,205,1,29.99,0.00
6407,1787,217,3,45.00,20.00
6408,1788,210,2,49.99,20.00
6409,1789,229,3,19.99,0.00
6410,1789,230,2,39.99,10.00
6411,1789,208,2,119.99,0.00
6412,1790,208,2,119.99,0.00
6413,1791,232,1,27.99,0.00
6414,1791,207,1,42.00,20.00
6415,1792,201,1,129.99,0.00
6416,1792,216,1,89.50,0.00
6417,1792,231,1,34.50,5.00
6418,1792,222,1,59.99,15.00
6419,1793,215,2,49.99,5.00
6420,1793,209,2,84.99,5.00
6421,1794,201,1,129.99,10.00
6422,1795,211,1,74.99,5.00
6423,1796,204,3,289.00,15.00
6424,1797,220,1,36.00,0.00
6425,1798,210,1,49.99,0.00
6426,1798,226,2,18.00,0.00
6427,1799,226,1,18.00,0.00
6428,1799,213,1,219.00,5.00
6429,1799,220,1,36.00,15.00
6430,1800,233,1,22.50,0.00
6431,1801,202,2,89.99,10.00
6432,1802,228,3,52.00,0.00
6433,1803,223,1,85.00,15.00
6434,1803,208,2,119.99,5.00
6435,1804,216,2,89.50,0.00
6436,1804,235,1,35.00,0.00
6437,1805,234,1,12.00,0.00
6438,1805,216,1,89.50,0.00
6439,1806,228,2,52.00,0.00
6440,1807,229,1,19.99,0.00
6441,1807,205,1,29.99,0.00
6442,1808,217,1,45.00,15.00
6443,1809,227,1,15.00,0.00
6444,1809,211,1,74.99,15.00
6445,1810,208,1,119.99,15.00
6446,1810,214,1,349.99,10.00
6447,1810,230,1,39.99,0.00
6448,1811,219,1,24.50,0.00
6449,1812,220,2,36.00,0.00
6450,1812,219,2,24.50,0.00
6451,1812,232,1,27.99,0.00
6452,1812,202,2,89.99,0.00
6453,1813,208,1,119.99,0.00
6454,1813,223,1,85.00,10.00
6455,1814,231,2,34.50,10.00
6456,1814,209,1,84.99,20.00
6457,1815,227,1,15.00,0.00
6458,1816,229,1,19.99,0.00
6459,1816,218,1,32.00,20.00
6460,1816,206,2,59.99,0.00
6461,1816,211,1,74.99,0.00
6462,1817,235,2,35.00,10.00
6463,1817,204,2,289.00,0.00
6464,1817,234,1,12.00,0.00
6465,1817,213,1,219.00,0.00
6466,1818,229,1,19.99,0.00
6467,1818,206,1,59.99,0.00
6468,1818,235,1,35.00,0.00
6469,1819,234,1,12.00,0.00
6470,1820,219,1,24.50,0.00
6471,1820,210,2,49.99,0.00
6472,1821,221,1,45.00,15.00
6473,1822,227,2,15.00,0.00
6474,1823,216,1,89.50,20.00
6475,1824,230,1,39.99,0.00
6476,1825,202,1,89.99,10.00
6477,1826,209,1,84.99,5.00
6478,1826,220,1,36.00,15.00
6479,1827,211,1,74.99,5.00
6480,1827,216,3,89.50,10.00
6481,1828,219,2,24.50,0.00
6482,1828,211,1,74.99,10.00
6483,1828,201,1,129.99,15.00
6484,1828,204,1,289.00,0.00
6485,1829,211,1,74.99,10.00
6486,1830,209,2,84.99,0.00
6487,1830,218,1,32.00,20.00
6488,1831,229,1,19.99,0.00
6489,1831,218,1,32.00,10.00
6490,1831,216,1,89.50,15.00
6491,1831,221,1,45.00,0.00
6492,1832,227,2,15.00,0.00
6493,1832,232,1,27.99,0.00
6494,1833,229,3,19.99,0.00
6495,1833,208,1,119.99,10.00
6496,1833,223,1,85.00,0.00
6497,1834,213,1,219.00,0.00
6498,1835,223,1,85.00,10.00
6499,1835,213,1,219.00,20.00
6500,1836,203,1,79.50,20.00
6501,1836,218,1,32.00,0.00
6502,1836,232,2,27.99,0.00
6503,1836,214,1,349.99,5.00
6504,1837,212,1,99.00,15.00
6505,1837,205,1,29.99,0.00
6506,1838,218,2,32.00,0.00
6507,1838,213,3,219.00,15.00
6508,1839,230,2,39.99,15.00
6509,1839,201,1,129.99,15.00
6510,1840,234,1,12.00,0.00
6511,1841,215,2,49.99,10.00
6512,1841,204,1,289.00,0.00
6513,1841,218,1,32.00,0.00
6514,1842,228,3,52.00,0.00
6515,1843,207,1,42.00,5.00
6516,1844,216,3,89.50,20.00
6517,1845,229,1,19.99,0.00
6518,1845,207,1,42.00,0.00
6519,1845,208,1,119.99,20.00
6520,1846,229,1,19.99,0.00
6521,1846,204,1,289.00,0.00
6522,1846,220,1,36.00,10.00
6523,1847,227,1,15.00,0.00
6524,1848,228,1,52.00,15.00
6525,1848,207,2,42.00,5.00
6526,1849,201,1,129.99,0.00
6527,1850,217,1,45.00,15.00
6528,1850,223,1,85.00,0.00
6529,1851,228,1,52.00,15.00
6530,1852,210,1,49.99,0.00
6531,1852,231,1,34.50,0.00
6532,1852,220,1,36.00,15.00
6533,1853,204,1,289.00,0.00
6534,1853,228,1,52.00,0.00
6535,1854,230,2,39.99,10.00
6536,1854,222,3,59.99,10.00
6537,1855,203,1,79.50,0.00
6538,1856,214,1,349.99,20.00
6539,1856,216,3,89.50,0.00
6540,1857,201,1,129.99,0.00
6541,1858,229,1,19.99,0.00
6542,1859,219,1,24.50,0.00
6543,1860,213,1,219.00,20.00
6544,1861,208,1,119.99,0.00
6545,1862,211,2,74.99,0.00
6546,1862,234,1,12.00,0.00
6547,1862,228,2,52.00,0.00
6548,1863,221,3,45.00,0.00
6549,1863,228,2,52.00,20.00
6550,1864,221,1,45.00,20.00
6551,1864,216,1,89.50,0.00
6552,1865,231,1,34.50,5.00
6553,1865,205,2,29.99,0.00
6554,1866,212,1,99.00,10.00
6555,1866,221,1,45.00,15.00
6556,1867,203,1,79.50,0.00
6557,1868,225,1,65.00,20.00
6558,1869,206,1,59.99,10.00
6559,1870,222,1,59.99,5.00
6560,1870,228,1,52.00,20.00
6561,1871,229,1,19.99,0.00
6562,1872,233,1,22.50,0.00
6563,1873,205,1,29.99,0.00
6564,1874,217,1,45.00,20.00
6565,1874,220,1,36.00,0.00
6566,1875,217,2,45.00,0.00
6567,1875,201,2,129.99,20.00
6568,1876,231,3,34.50,0.00
6569,1876,233,2,22.50,0.00
6570,1877,215,1,49.99,20.00
6571,1878,206,1,59.99,0.00
6572,1879,202,1,89.99,10.00
6573,1880,223,1,85.00,5.00
6574,1880,222,1,59.99,5.00
6575,1881,203,1,79.50,0.00
6576,1881,209,1,84.99,20.00
6577,1882,226,1,18.00,0.00
6578,1883,229,1,19.99,0.00
6579,1884,212,2,99.00,10.00
6580,1884,203,1,79.50,0.00
6581,1885,219,1,24.50,0.00
6582,1886,211,2,74.99,5.00
6583,1886,221,1,45.00,0.00
6584,1887,225,1,65.00,0.00
6585,1887,214,1,349.99,20.00
6586,1888,220,1,36.00,15.00
6587,1888,213,1,219.00,0.00
6588,1889,216,2,89.50,5.00
6589,1889,234,1,12.00,0.00
6590,1889,222,1,59.99,15.00
6591,1890,220,1,36.00,20.00
6592,1891,228,2,52.00,0.00
6593,1891,230,1,39.99,0.00
6594,1891,225,1,65.00,0.00
6595,1892,205,2,29.99,0.00
6596,1892,214,1,349.99,20.00
6597,1893,233,1,22.50,0.00
6598,1893,221,1,45.00,0.00
6599,1894,230,1,39.99,15.00
6600,1895,208,1,119.99,0.00
6601,1896,216,1,89.50,5.00
6602,1897,202,1,89.99,0.00
6603,1898,205,1,29.99,0.00
6604,1899,214,1,349.99,15.00
6605,1900,234,1,12.00,0.00
6606,1901,204,1,289.00,0.00
6607,1902,224,1,28.00,0.00
6608,1902,216,1,89.50,0.00
6609,1902,213,1,219.00,0.00
6610,1903,211,1,74.99,0.00
6611,1903,203,2,79.50,0.00
6612,1904,226,1,18.00,0.00
6613,1904,228,1,52.00,0.00
6614,1904,208,1,119.99,5.00
6615,1905,215,1,49.99,20.00
6616,1906,227,3,15.00,0.00
6617,1906,220,1,36.00,10.00
6618,1906,232,2,27.99,0.00
6619,1907,225,1,65.00,15.00
6620,1907,209,2,84.99,15.00
6621,1908,229,1,19.99,0.00
6622,1909,201,1,129.99,20.00
6623,1909,215,2,49.99,0.00
6624,1910,204,1,289.00,0.00
6625,1910,209,1,84.99,5.00
6626,1911,229,1,19.99,0.00
6627,1911,222,1,59.99,20.00
6628,1912,219,1,24.50,0.00
6629,1912,202,1,89.99,0.00
6630,1913,216,1,89.50,0.00
6631,1913,215,1,49.99,0.00
6632,1913,225,1,65.00,5.00
6633,1914,214,1,349.99,20.00
6634,1914,209,2,84.99,0.00
6635,1914,206,1,59.99,0.00
6636,1914,212,1,99.00,5.00
6637,1915,212,1,99.00,0.00
6638,1916,231,1,34.50,0.00
6639,1917,233,1,22.50,0.00
6640,1918,228,2,52.00,0.00
6641,1918,206,1,59.99,0.00
6642,1919,230,1,39.99,10.00
6643,1919,219,1,24.50,0.00
6644,1920,213,1,219.00,20.00
6645,1921,226,1,18.00,0.00
6646,1921,224,1,28.00,0.00
6647,1921,225,1,65.00,5.00
6648,1922,228,3,52.00,20.00
6649,1923,224,1,28.00,0.00
6650,1923,204,2,289.00,15.00
6651,1924,224,1,28.00,0.00
6652,1924,202,1,89.99,15.00
6653,1924,210,1,49.99,0.00
6654,1925,206,1,59.99,5.00
6655,1926,211,1,74.99,10.00
6656,1926,228,3,52.00,15.00
6657,1926,217,2,45.00,10.00
6658,1927,207,1,42.00,0.00
6659,1927,223,2,85.00,5.00
6660,1927,210,1,49.99,0.00
6661,1928,227,1,15.00,0.00
6662,1929,224,1,28.00,0.00
6663,1930,208,1,119.99,0.00
6664,1930,229,1,19.99,0.00
6665,1931,227,1,15.00,0.00
6666,1932,206,1,59.99,0.00
6667,1933,232,1,27.99,0.00
6668,1934,201,1,129.99,10.00
6669,1934,203,2,79.50,5.00
6670,1935,231,1,34.50,15.00
6671,1935,222,2,59.99,0.00
6672,1935,228,2,52.00,0.00
6673,1936,223,2,85.00,20.00
6674,1937,209,1,84.99,0.00
6675,1938,224,1,28.00,0.00
6676,1938,229,1,19.99,0.00
6677,1938,231,1,34.50,15.00
6678,1939,221,1,45.00,5.00
6679,1939,229,1,19.99,0.00
6680,1939,215,2,49.99,0.00
6681,1940,225,1,65.00,20.00
6682,1940,219,1,24.50,0.00
6683,1940,213,1,219.00,20.00
6684,1941,206,2,59.99,10.00
6685,1941,220,3,36.00,5.00
6686,1942,216,1,89.50,15.00
6687,1942,214,1,349.99,0.00
6688,1943,218,1,32.00,15.00
6689,1943,215,1,49.99,0.00
6690,1943,217,2,45.00,15.00
6691,1944,215,2,49.99,20.00
6692,1945,225,1,65.00,20.00
6693,1946,219,1,24.50,0.00
6694,1947,208,2,119.99,5.00
6695,1947,224,1,28.00,0.00
6696,1947,209,1,84.99,0.00
6697,1948,221,1,45.00,10.00
6698,1948,224,1,28.00,0.00
6699,1948,209,1,84.99,10.00
6700,1948,234,2,12.00,0.00
6701,1949,230,1,39.99,0.00
6702,1949,210,1,49.99,20.00
6703,1950,208,1,119.99,20.00
6704,1951,232,1,27.99,0.00
6705,1951,219,2,24.50,0.00
6706,1951,225,1,65.00,15.00
6707,1952,212,2,99.00,15.00
6708,1953,226,3,18.00,0.00
6709,1953,222,2,59.99,5.00
6710,1953,228,1,52.00,15.00
6711,1953,231,1,34.50,15.00
6712,1954,204,2,289.00,15.00
6713,1955,229,1,19.99,0.00
6714,1955,231,1,34.50,0.00
6715,1956,207,1,42.00,20.00
6716,1957,204,3,289.00,0.00
6717,1957,207,2,42.00,0.00
6718,1957,223,3,85.00,15.00
6719,1958,216,1,89.50,5.00
6720,1958,203,1,79.50,15.00
6721,1959,206,2,59.99,20.00
6722,1960,224,1,28.00,0.00
6723,1960,201,1,129.99,5.00
6724,1961,231,1,34.50,0.00
6725,1961,218,2,32.00,0.00
6726,1962,209,1,84.99,0.00
6727,1963,202,2,89.99,10.00
6728,1963,226,1,18.00,0.00
6729,1963,235,1,35.00,10.00
6730,1964,208,1,119.99,10.00
6731,1965,221,1,45.00,0.00
6732,1966,217,2,45.00,0.00
6733,1967,235,1,35.00,15.00
6734,1968,234,1,12.00,0.00
6735,1968,219,1,24.50,0.00
6736,1968,235,1,35.00,10.00
6737,1969,203,1,79.50,0.00
6738,1969,216,1,89.50,20.00
6739,1970,223,1,85.00,15.00
6740,1971,225,1,65.00,0.00
6741,1972,210,1,49.99,15.00
6742,1972,235,1,35.00,15.00
6743,1973,233,1,22.50,0.00
6744,1973,211,1,74.99,20.00
6745,1974,218,1,32.00,0.00
6746,1975,206,1,59.99,0.00
6747,1976,207,1,42.00,0.00
6748,1977,220,1,36.00,0.00
6749,1977,232,1,27.99,0.00
6750,1978,204,1,289.00,20.00
6751,1979,235,1,35.00,0.00
6752,1979,226,1,18.00,0.00
6753,1980,210,1,49.99,0.00
6754,1980,225,1,65.00,15.00
6755,1981,227,1,15.00,0.00
6756,1982,218,1,32.00,15.00
6757,1982,228,2,52.00,20.00
6758,1983,227,1,15.00,0.00
6759,1983,221,1,45.00,0.00
6760,1983,206,2,59.99,0.00
6761,1984,232,2,27.99,0.00
6762,1985,209,1,84.99,15.00
6763,1985,231,2,34.50,15.00
6764,1985,232,1,27.99,0.00
6765,1986,235,1,35.00,15.00
6766,1986,223,1,85.00,20.00
6767,1987,234,1,12.00,0.00
6768,1987,215,1,49.99,0.00
6769,1987,212,3,99.00,5.00
6770,1987,205,1,29.99,0.00
6771,1988,216,1,89.50,5.00
6772,1988,235,1,35.00,0.00
6773,1988,208,1,119.99,15.00
6774,1989,233,2,22.50,0.00
6775,1989,203,2,79.50,0.00
6776,1989,230,1,39.99,10.00
6777,1990,223,2,85.00,0.00
6778,1991,213,1,219.00,10.00
6779,1992,217,1,45.00,5.00
6780,1993,235,3,35.00,15.00
6781,1993,218,2,32.00,0.00
6782,1993,207,1,42.00,15.00
6783,1994,213,1,219.00,0.00
6784,1995,211,3,74.99,0.00
6785,1995,213,1,219.00,5.00
6786,1995,231,1,34.50,20.00
6787,1996,226,1,18.00,0.00
6788,1996,233,1,22.50,0.00
6789,1997,209,1,84.99,0.00
6790,1997,210,2,49.99,0.00
6791,1998,228,1,52.00,5.00
6792,1998,231,1,34.50,5.00
6793,1999,218,2,32.00,20.00
6794,2000,207,1,42.00,10.00
