order_id,customer_id,order_date,status,channel
1001,197,2025-01-08,processing,web
1002,178,2025-02-23,completed,web
1003,230,2024-04-26,completed,mobile_app
1004,288,2025-04-13,returned,web
1005,183,2025-01-19,completed,web
1006,167,2025-03-26,completed,mobile_app
1007,205,2024-12-07,completed,in_store
1008,215,2024-02-17,completed,web
1009,195,2025-08-14,completed,mobile_app
1010,170,2024-07-09,completed,web
1011,238,2025-11-17,completed,web
1012,176,2025-04-20,completed,web
1013,114,2024-08-10,completed,in_store
1014,165,2025-08-30,completed,web
1015,276,2025-02-07,completed,web
1016,299,2024-06-09,completed,mobile_app
1017,168,2024-03-17,completed,web
1018,205,2024-11-27,cancelled,mobile_app
1019,119,2024-08-14,completed,mobile_app
1020,137,2025-09-21,completed,web
1021,280,2024-11-24,completed,mobile_app
1022,183,2025-01-21,completed,web
1023,169,2024-07-29,completed,in_store
1024,250,2026-03-02,returned,mobile_app
1025,203,2024-09-16,completed,mobile_app
1026,204,2024-10-18,completed,mobile_app
1027,295,2025-11-30,completed,web
1028,108,2024-12-12,processing,web
1029,158,2025-01-11,completed,web
1030,170,2024-08-06,completed,mobile_app
1031,231,2025-09-21,completed,web
1032,101,2024-12-20,processing,web
1033,197,2025-01-23,completed,web
1034,267,2025-07-26,completed,web
1035,213,2025-08-07,completed,mobile_app
1036,140,2025-11-07,completed,web
1037,185,2024-07-14,completed,web
1038,276,2025-04-08,completed,in_store
1039,126,2025-06-08,completed,in_store
1040,115,2025-03-22,completed,web
1041,275,2025-10-07,completed,web
1042,228,2025-05-24,completed,web
1043,174,2024-07-10,completed,web
1044,264,2025-09-17,cancelled,web
1045,198,2025-02-01,completed,mobile_app
1046,269,2024-12-08,completed,web
1047,159,2024-11-22,completed,mobile_app
1048,297,2024-07-26,returned,web
1049,184,2025-08-18,completed,web
1050,236,2024-05-10,completed,web
1051,292,2026-01-24,completed,mobile_app
1052,292,2026-01-05,completed,web
1053,157,2024-05-20,returned,mobile_app
1054,161,2025-01-07,completed,web
1055,207,2025-06-10,completed,mobile_app
1056,156,2025-07-16,completed,web
1057,132,2025-07-09,completed,mobile_app
1058,163,2025-12-19,completed,web
1059,160,2024-06-06,shipped,web
1060,165,2025-06-13,completed,mobile_app
1061,133,2025-04-23,completed,web
1062,216,2025-05-10,completed,mobile_app
1063,265,2024-06-19,completed,mobile_app
1064,138,2025-08-06,completed,web
1065,255,2025-06-19,completed,in_store
1066,206,2026-01-06,completed,mobile_app
1067,271,2024-10-29,completed,web
1068,125,2024-11-26,completed,mobile_app
1069,191,2024-11-14,processing,web
1070,130,2024-08-02,completed,web
1071,137,2026-01-25,returned,mobile_app
1072,156,2025-06-29,completed,mobile_app
1073,184,2025-09-26,completed,web
1074,207,2025-07-24,completed,in_store
1075,235,2024-12-05,completed,web
1076,155,2024-12-21,shipped,web
1077,211,2025-04-27,completed,web
1078,119,2024-09-25,processing,web
1079,181,2024-12-08,completed,mobile_app
1080,204,2024-06-14,completed,web
1081,121,2025-12-26,completed,in_store
1082,231,2025-09-16,completed,mobile_app
1083,266,2024-10-30,completed,web
1084,295,2025-12-06,completed,in_store
1085,260,2025-07-12,returned,web
1086,262,2026-01-31,completed,mobile_app
1087,219,2024-12-24,completed,web
1088,124,2024-12-20,completed,mobile_app
1089,183,2025-03-19,completed,web
1090,141,2025-06-23,completed,web
1091,262,2026-02-08,completed,web
1092,269,2024-10-06,completed,web
1093,134,2025-06-11,completed,mobile_app
1094,280,2024-12-25,completed,mobile_app
1095,155,2025-02-11,shipped,mobile_app
1096,126,2025-06-24,shipped,mobile_app
1097,147,2025-01-09,processing,mobile_app
1098,161,2024-12-14,returned,web
1099,221,2025-04-16,completed,in_store
1100,152,2025-12-12,completed,web
1101,173,2024-04-09,shipped,web
1102,212,2024-04-11,completed,mobile_app
1103,158,2024-12-20,completed,web
1104,221,2025-06-20,returned,web
1105,299,2024-04-10,completed,web
1106,260,2025-08-16,completed,web
1107,101,2025-01-07,completed,mobile_app
1108,118,2025-06-08,completed,mobile_app
1109,200,2025-12-23,completed,in_store
1110,288,2024-12-27,shipped,mobile_app
1111,145,2024-10-02,cancelled,mobile_app
1112,152,2025-11-18,completed,web
1113,240,2025-04-01,completed,web
1114,268,2025-01-01,completed,web
1115,148,2025-05-14,cancelled,mobile_app
1116,122,2024-12-25,completed,mobile_app
1117,176,2025-05-10,completed,mobile_app
1118,191,2024-11-17,completed,mobile_app
1119,256,2024-11-08,completed,web
1120,246,2025-09-22,completed,web
1121,236,2024-04-05,completed,web
1122,244,2025-08-15,completed,in_store
1123,257,2025-08-03,cancelled,mobile_app
1124,145,2024-09-27,completed,in_store
1125,193,2026-03-29,completed,web
1126,117,2024-06-10,completed,in_store
1127,119,2024-07-18,completed,mobile_app
1128,133,2025-05-27,returned,mobile_app
1129,115,2025-02-06,completed,web
1130,158,2025-03-11,completed,web
1131,252,2025-01-14,completed,web
1132,298,2024-11-11,completed,mobile_app
1133,108,2025-02-16,returned,mobile_app
1134,276,2025-05-08,completed,mobile_app
1135,224,2024-12-12,completed,web
1136,244,2025-08-12,completed,web
1137,199,2025-07-10,completed,web
1138,201,2024-05-18,completed,web
1139,227,2025-04-02,completed,mobile_app
1140,287,2025-04-27,shipped,mobile_app
1141,244,2025-09-03,completed,mobile_app
1142,241,2025-10-01,returned,in_store
1143,194,2024-12-26,completed,mobile_app
1144,222,2025-02-10,completed,web
1145,201,2024-03-26,completed,web
1146,105,2025-09-04,completed,in_store
1147,286,2025-04-24,completed,mobile_app
1148,223,2025-03-11,completed,mobile_app
1149,129,2025-12-08,completed,mobile_app
1150,206,2026-02-17,shipped,mobile_app
1151,181,2024-08-27,completed,mobile_app
1152,285,2024-06-02,returned,mobile_app
1153,158,2025-02-27,shipped,web
1154,285,2024-06-05,completed,web
1155,138,2025-10-03,completed,web
1156,136,2025-09-30,returned,in_store
1157,114,2024-04-16,completed,web
1158,205,2024-12-03,completed,mobile_app
1159,266,2024-10-08,shipped,web
1160,207,2025-06-30,completed,mobile_app
1161,255,2025-03-28,completed,web
1162,220,2025-05-07,completed,web
1163,148,2025-01-10,processing,web
1164,210,2024-10-24,completed,web
1165,223,2025-04-19,completed,web
1166,185,2024-05-16,completed,in_store
1167,220,2025-05-16,completed,mobile_app
1168,157,2024-06-07,completed,web
1169,294,2024-10-21,cancelled,web
1170,245,2024-11-18,completed,mobile_app
1171,250,2026-03-16,completed,mobile_app
1172,207,2025-09-09,completed,web
1173,249,2025-11-24,completed,mobile_app
1174,116,2024-03-05,completed,web
1175,265,2024-09-27,completed,web
1176,270,2025-11-23,completed,mobile_app
1177,106,2024-10-07,completed,in_store
1178,140,2025-12-28,completed,in_store
1179,118,2025-02-19,completed,web
1180,203,2024-08-19,completed,mobile_app
1181,160,2024-08-08,completed,mobile_app
1182,157,2024-08-17,completed,web
1183,243,2026-01-27,completed,web
1184,238,2026-01-30,completed,web
1185,244,2025-10-29,completed,mobile_app
1186,195,2025-05-08,completed,in_store
1187,251,2024-08-27,completed,mobile_app
1188,155,2025-01-03,processing,web
1189,242,2026-02-02,shipped,web
1190,167,2025-03-31,completed,mobile_app
1191,245,2024-12-16,processing,web
1192,151,2025-09-22,completed,web
1193,296,2025-08-25,processing,mobile_app
1194,240,2025-04-05,completed,mobile_app
1195,160,2024-03-31,processing,web
1196,116,2024-06-19,returned,mobile_app
1197,105,2025-10-15,processing,web
1198,146,2025-07-25,completed,mobile_app
1199,191,2024-10-05,completed,web
1200,163,2026-01-13,completed,in_store
1201,144,2025-11-07,completed,mobile_app
1202,278,2025-11-28,completed,web
1203,172,2024-11-23,completed,mobile_app
1204,251,2024-05-12,shipped,in_store
1205,185,2024-06-06,shipped,in_store
1206,114,2024-04-16,completed,web
1207,192,2025-01-21,completed,mobile_app
1208,176,2025-04-25,processing,web
1209,263,2024-12-30,processing,web
1210,214,2025-10-20,shipped,web
1211,243,2026-02-12,completed,mobile_app
1212,253,2024-04-19,completed,web
1213,244,2025-09-16,completed,mobile_app
1214,178,2025-04-02,completed,web
1215,224,2024-09-04,completed,web
1216,198,2024-12-01,completed,web
1217,278,2025-08-26,completed,web
1218,175,2024-08-09,completed,web
1219,194,2024-12-19,completed,web
1220,219,2024-10-23,completed,web
1221,140,2026-02-04,completed,web
1222,230,2024-05-16,completed,web
1223,297,2024-08-23,returned,in_store
1224,274,2024-06-15,shipped,web
1225,219,2025-01-06,completed,web
1226,217,2026-01-05,completed,mobile_app
1227,216,2025-03-24,completed,web
1228,266,2024-10-20,cancelled,web
1229,204,2024-07-26,completed,mobile_app
1230,252,2024-12-06,completed,web
1231,127,2025-12-19,completed,web
1232,226,2024-06-09,returned,web
1233,145,2024-08-21,returned,mobile_app
1234,179,2025-05-10,completed,web
1235,209,2024-02-21,completed,mobile_app
1236,216,2025-01-15,completed,web
1237,276,2025-05-30,completed,in_store
1238,158,2025-04-29,completed,web
1239,299,2024-06-15,completed,mobile_app
1240,164,2024-07-31,completed,mobile_app
1241,299,2024-03-28,completed,in_store
1242,153,2024-10-14,completed,web
1243,169,2024-07-13,cancelled,web
1244,171,2025-08-05,cancelled,web
1245,274,2024-06-13,completed,web
1246,297,2024-07-14,completed,mobile_app
1247,299,2024-02-20,processing,mobile_app
1248,210,2024-08-08,completed,web
1249,248,2025-07-11,completed,mobile_app
1250,132,2025-04-24,completed,mobile_app
1251,134,2025-08-06,completed,web
1252,196,2024-04-28,completed,mobile_app
1253,223,2025-02-15,completed,mobile_app
1254,279,2025-12-06,completed,mobile_app
1255,127,2025-08-30,completed,web
1256,285,2024-05-20,returned,in_store
1257,214,2025-09-13,completed,web
1258,190,2025-11-19,completed,web
1259,254,2025-11-29,shipped,in_store
1260,231,2025-10-05,processing,mobile_app
1261,162,2024-07-18,completed,web
1262,104,2024-05-03,completed,web
1263,275,2025-10-05,shipped,mobile_app
1264,297,2024-10-05,completed,in_store
1265,172,2024-07-28,completed,web
1266,267,2025-07-04,completed,in_store
1267,212,2024-04-17,completed,mobile_app
1268,142,2025-02-01,completed,mobile_app
1269,288,2024-12-31,shipped,web
1270,168,2024-07-22,returned,web
1271,143,2024-07-22,completed,web
1272,104,2024-04-03,completed,mobile_app
1273,110,2024-12-28,processing,in_store
1274,120,2026-03-30,completed,web
1275,118,2025-05-24,completed,in_store
1276,163,2026-03-15,completed,mobile_app
1277,186,2024-03-12,shipped,mobile_app
1278,161,2024-12-08,completed,web
1279,249,2025-11-30,completed,web
1280,270,2025-08-10,completed,web
1281,280,2024-11-04,completed,mobile_app
1282,135,2024-11-02,completed,web
1283,205,2024-09-03,completed,web
1284,255,2025-03-11,completed,web
1285,232,2025-09-15,cancelled,web
1286,216,2025-05-24,processing,mobile_app
1287,136,2025-10-04,completed,web
1288,167,2025-01-17,completed,web
1289,124,2024-11-05,completed,web
1290,191,2024-09-21,completed,web
1291,258,2026-01-04,returned,web
1292,265,2024-10-24,completed,mobile_app
1293,182,2025-10-12,completed,in_store
1294,250,2026-01-09,completed,web
1295,289,2025-03-22,shipped,web
1296,252,2024-11-08,processing,in_store
1297,246,2026-02-05,completed,mobile_app
1298,106,2024-12-04,completed,web
1299,284,2025-10-14,completed,web
1300,235,2024-12-20,completed,web
1301,288,2025-03-22,returned,mobile_app
1302,179,2025-06-25,completed,web
1303,257,2025-07-17,returned,mobile_app
1304,291,2025-01-13,completed,web
1305,101,2024-10-21,completed,mobile_app
1306,197,2024-10-24,completed,mobile_app
1307,106,2024-10-12,completed,web
1308,288,2024-12-20,completed,web
1309,268,2024-11-20,completed,mobile_app
1310,205,2024-12-23,processing,in_store
1311,241,2025-11-24,completed,web
1312,270,2025-11-07,completed,web
1313,222,2024-10-30,completed,mobile_app
1314,195,2025-06-01,completed,web
1315,169,2024-07-26,completed,web
1316,251,2024-06-03,completed,web
1317,222,2024-12-16,completed,mobile_app
1318,294,2024-09-28,completed,web
1319,287,2025-02-10,completed,web
1320,260,2025-09-01,completed,web
1321,295,2025-12-12,completed,mobile_app
1322,199,2025-07-27,completed,mobile_app
1323,203,2024-05-08,completed,web
1324,178,2025-04-13,completed,mobile_app
1325,207,2025-06-07,completed,mobile_app
1326,295,2026-03-29,completed,web
1327,300,2026-03-30,completed,web
1328,109,2025-07-03,completed,web
1329,132,2025-03-22,completed,web
1330,190,2025-10-29,completed,web
1331,247,2025-05-22,completed,mobile_app
1332,232,2025-09-08,shipped,in_store
1333,165,2025-07-17,processing,in_store
1334,178,2025-06-06,returned,mobile_app
1335,244,2025-09-26,completed,in_store
1336,171,2025-09-25,completed,web
1337,254,2025-12-30,returned,web
1338,204,2024-09-16,processing,web
1339,222,2024-12-31,completed,web
1340,147,2025-02-21,returned,web
1341,208,2026-01-04,completed,web
1342,259,2025-03-30,completed,web
1343,139,2026-01-04,completed,web
1344,284,2025-10-15,shipped,web
1345,295,2025-12-30,completed,in_store
1346,263,2025-03-10,completed,mobile_app
1347,102,2024-06-17,completed,in_store
1348,175,2024-07-31,processing,mobile_app
1349,192,2024-10-20,completed,mobile_app
1350,155,2024-11-21,completed,mobile_app
1351,110,2024-11-13,returned,web
1352,207,2025-09-06,completed,web
1353,208,2025-11-06,returned,mobile_app
1354,231,2025-09-17,completed,web
1355,234,2025-03-22,completed,in_store
1356,154,2024-12-06,completed,web
1357,247,2025-08-02,completed,web
1358,176,2025-04-29,completed,web
1359,175,2024-07-07,cancelled,web
1360,112,2024-12-21,completed,mobile_app
1361,124,2024-11-16,completed,web
1362,170,2024-07-29,cancelled,mobile_app
1363,141,2025-04-17,completed,mobile_app
1364,108,2024-11-14,completed,mobile_app
1365,117,2024-05-28,returned,web
1366,248,2025-10-30,completed,in_store
1367,199,2025-05-02,completed,mobile_app
1368,227,2025-01-14,completed,in_store
1369,265,2024-09-16,completed,web
1370,215,2024-03-06,completed,mobile_app
1371,105,2025-06-28,completed,mobile_app
1372,255,2025-05-17,completed,mobile_app
1373,114,2024-05-18,completed,web
1374,269,2024-10-24,completed,web
1375,196,2024-04-13,completed,web
1376,201,2024-03-05,completed,web
1377,251,2024-05-07,shipped,mobile_app
1378,113,2025-09-04,completed,mobile_app
1379,133,2025-02-01,completed,mobile_app
1380,278,2025-09-07,completed,mobile_app
1381,181,2024-12-02,returned,web
1382,273,2025-01-07,processing,mobile_app
1383,207,2025-09-29,completed,mobile_app
1384,142,2024-12-09,cancelled,web
1385,153,2025-02-14,completed,web
1386,113,2025-07-22,completed,mobile_app
1387,282,2024-09-21,shipped,mobile_app
1388,145,2024-10-15,completed,web
1389,142,2025-02-23,completed,web
1390,253,2024-02-09,shipped,mobile_app
1391,282,2024-09-08,completed,web
1392,270,2025-09-30,completed,web
1393,244,2025-07-18,completed,in_store
1394,260,2025-06-22,completed,in_store
1395,232,2026-01-11,completed,mobile_app
1396,125,2024-10-04,shipped,mobile_app
1397,276,2025-05-13,completed,web
1398,284,2025-11-22,completed,web
1399,119,2024-11-10,completed,web
1400,211,2025-06-02,completed,web
1401,250,2025-11-22,cancelled,web
1402,276,2025-04-12,completed,web
1403,270,2025-07-15,completed,web
1404,263,2024-12-27,completed,in_store
1405,122,2024-11-25,completed,in_store
1406,142,2024-11-13,completed,mobile_app
1407,219,2025-01-18,completed,web
1408,192,2024-10-04,cancelled,mobile_app
1409,150,2024-06-18,completed,mobile_app
1410,245,2025-03-15,completed,web
1411,185,2024-06-30,completed,mobile_app
1412,145,2024-06-26,completed,web
1413,249,2026-03-30,completed,in_store
1414,139,2026-03-03,completed,web
1415,162,2024-04-25,shipped,mobile_app
1416,269,2024-10-05,processing,in_store
1417,195,2025-06-13,completed,in_store
1418,217,2025-11-25,completed,mobile_app
1419,171,2025-09-09,completed,mobile_app
1420,165,2025-08-04,completed,mobile_app
1421,255,2025-03-02,completed,web
1422,172,2024-08-30,completed,web
1423,185,2024-03-29,completed,in_store
1424,133,2025-06-01,completed,web
1425,247,2025-05-05,completed,web
1426,254,2026-02-09,returned,web
1427,206,2025-11-17,completed,in_store
1428,286,2025-07-14,completed,mobile_app
1429,230,2024-05-16,completed,mobile_app
1430,110,2024-12-23,completed,in_store
1431,239,2024-11-04,shipped,in_store
1432,236,2024-04-21,completed,mobile_app
1433,279,2026-02-04,completed,mobile_app
1434,122,2024-11-19,completed,mobile_app
1435,102,2024-09-09,completed,web
1436,140,2026-02-05,returned,mobile_app
1437,257,2025-07-31,cancelled,mobile_app
1438,165,2025-07-17,completed,web
1439,159,2024-12-16,cancelled,web
1440,187,2025-07-08,returned,in_store
1441,138,2025-11-18,completed,mobile_app
1442,256,2024-07-28,processing,web
1443,145,2024-10-10,completed,web
1444,109,2025-07-17,completed,in_store
1445,162,2024-03-14,completed,web
1446,250,2026-02-08,completed,web
1447,248,2025-06-09,completed,web
1448,176,2025-05-19,completed,mobile_app
1449,251,2024-04-13,completed,web
1450,274,2024-05-02,completed,mobile_app
1451,222,2024-12-20,completed,web
1452,159,2024-10-14,completed,mobile_app
1453,274,2024-07-09,returned,web
1454,248,2025-08-17,completed,web
1455,109,2025-07-15,completed,mobile_app
1456,198,2025-02-03,completed,web
1457,161,2024-10-30,completed,mobile_app
1458,208,2026-01-15,completed,mobile_app
1459,276,2025-03-24,completed,in_store
1460,198,2024-10-28,completed,in_store
1461,135,2024-10-16,completed,in_store
1462,244,2025-12-08,completed,mobile_app
1463,166,2024-11-12,returned,web
1464,244,2025-12-05,completed,web
1465,256,2024-09-07,completed,mobile_app
1466,231,2025-12-20,shipped,in_store
1467,219,2024-10-07,completed,mobile_app
1468,181,2024-10-03,returned,web
1469,292,2026-03-12,completed,mobile_app
1470,270,2025-09-10,processing,in_store
1471,241,2025-08-04,completed,in_store
1472,140,2025-11-09,returned,web
1473,261,2024-06-06,completed,mobile_app
1474,170,2024-09-09,completed,web
1475,179,2025-07-13,completed,web
1476,295,2025-12-21,completed,web
1477,297,2024-10-09,completed,mobile_app
1478,206,2026-03-04,completed,mobile_app
1479,168,2024-03-17,completed,mobile_app
1480,237,2025-03-17,completed,web
1481,226,2024-03-14,completed,web
1482,173,2024-05-26,completed,in_store
1483,104,2024-06-06,completed,web
1484,219,2024-09-08,completed,web
1485,165,2025-08-05,completed,web
1486,275,2025-11-09,completed,web
1487,151,2025-09-30,completed,in_store
1488,184,2025-05-07,completed,web
1489,277,2025-03-03,cancelled,mobile_app
1490,124,2024-11-07,shipped,mobile_app
1491,238,2025-10-28,completed,mobile_app
1492,288,2025-01-19,completed,in_store
1493,225,2025-03-01,completed,web
1494,288,2025-03-30,completed,mobile_app
1495,217,2025-11-14,shipped,mobile_app
1496,183,2024-12-04,returned,mobile_app
1497,265,2024-09-02,completed,web
1498,109,2025-04-29,completed,mobile_app
1499,200,2026-01-22,completed,mobile_app
1500,154,2024-12-08,completed,mobile_app
1501,169,2024-07-17,completed,in_store
1502,233,2025-04-16,completed,in_store
1503,269,2024-10-31,completed,mobile_app
1504,147,2025-04-17,completed,mobile_app
1505,214,2025-10-18,completed,mobile_app
1506,241,2025-09-25,completed,mobile_app
1507,109,2025-05-20,completed,web
1508,106,2024-10-01,completed,mobile_app
1509,194,2025-04-18,completed,web
1510,246,2025-11-08,processing,web
1511,125,2024-11-07,completed,in_store
1512,131,2025-09-02,processing,mobile_app
1513,279,2025-11-05,completed,web
1514,124,2024-10-08,completed,web
1515,241,2025-11-01,completed,web
1516,296,2025-05-26,completed,mobile_app
1517,151,2025-11-20,returned,in_store
1518,248,2025-06-30,completed,in_store
1519,183,2025-02-14,completed,mobile_app
1520,258,2026-02-24,returned,web
1521,140,2025-11-09,completed,in_store
1522,174,2024-02-25,completed,in_store
1523,234,2025-04-06,completed,mobile_app
1524,144,2025-11-01,completed,web
1525,170,2024-07-23,completed,web
1526,231,2025-09-12,completed,mobile_app
1527,236,2024-03-21,completed,mobile_app
1528,191,2024-10-27,returned,web
1529,116,2024-04-22,completed,web
1530,274,2024-05-02,completed,web
1531,153,2024-11-03,completed,mobile_app
1532,211,2025-04-20,returned,mobile_app
1533,287,2025-01-31,shipped,web
1534,171,2025-08-11,shipped,web
1535,258,2026-01-10,completed,mobile_app
1536,229,2026-03-27,processing,mobile_app
1537,142,2024-11-15,completed,web
1538,157,2024-06-24,shipped,web
1539,226,2024-04-18,completed,web
1540,198,2024-11-27,completed,mobile_app
1541,233,2025-08-07,completed,in_store
1542,113,2025-06-03,completed,mobile_app
1543,219,2024-10-12,completed,web
1544,216,2025-01-25,processing,mobile_app
1545,183,2025-03-13,completed,web
1546,142,2024-10-28,completed,web
1547,231,2025-09-27,completed,mobile_app
1548,269,2024-10-06,completed,web
1549,287,2025-05-18,completed,mobile_app
1550,260,2025-06-24,completed,mobile_app
1551,161,2024-10-17,completed,mobile_app
1552,163,2026-03-30,completed,mobile_app
1553,138,2025-07-29,cancelled,mobile_app
1554,270,2025-12-01,completed,web
1555,175,2024-08-04,completed,web
1556,257,2025-06-05,completed,mobile_app
1557,281,2024-04-13,completed,mobile_app
1558,228,2025-05-01,completed,mobile_app
1559,101,2024-11-08,completed,mobile_app
1560,190,2025-12-23,returned,web
1561,118,2025-04-13,completed,mobile_app
1562,258,2025-11-10,completed,web
1563,222,2024-10-10,returned,web
1564,291,2025-01-08,completed,web
1565,191,2024-08-14,completed,web
1566,293,2024-10-10,processing,web
1567,178,2025-03-20,completed,web
1568,300,2026-01-15,completed,mobile_app
1569,288,2025-04-14,completed,in_store
1570,274,2024-04-07,completed,in_store
1571,130,2024-05-24,completed,web
1572,269,2024-11-16,completed,mobile_app
1573,298,2024-10-07,cancelled,web
1574,260,2025-09-11,completed,web
1575,137,2025-11-14,completed,web
1576,239,2025-02-25,completed,web
1577,123,2025-01-21,completed,web
1578,295,2026-03-30,completed,in_store
1579,180,2026-03-08,completed,web
1580,184,2025-08-28,completed,web
1581,144,2025-12-28,shipped,web
1582,128,2024-10-28,completed,mobile_app
1583,252,2024-12-02,completed,mobile_app
1584,117,2024-06-18,completed,in_store
1585,120,2026-03-30,completed,web
1586,204,2024-06-26,completed,web
1587,136,2026-01-29,shipped,mobile_app
1588,182,2025-11-01,completed,in_store
1589,123,2025-03-02,completed,mobile_app
1590,129,2026-01-01,completed,web
1591,283,2026-01-05,completed,web
1592,136,2025-10-21,completed,web
1593,119,2024-06-20,completed,in_store
1594,255,2025-06-17,returned,web
1595,255,2025-03-02,completed,mobile_app
1596,246,2026-01-15,processing,web
1597,137,2026-01-15,shipped,in_store
1598,257,2025-06-13,completed,mobile_app
1599,188,2025-12-30,shipped,web
1600,176,2025-05-06,completed,web
1601,114,2024-06-04,processing,mobile_app
1602,230,2024-02-18,completed,web
1603,104,2024-02-29,completed,web
1604,147,2025-04-12,completed,web
1605,189,2024-04-07,returned,web
1606,292,2026-03-15,completed,web
1607,174,2024-06-15,completed,in_store
1608,111,2024-04-29,completed,mobile_app
1609,170,2024-07-16,completed,web
1610,150,2024-08-09,completed,in_store
1611,104,2024-05-16,completed,mobile_app
1612,286,2025-06-29,completed,web
1613,269,2024-10-23,completed,mobile_app
1614,134,2025-08-25,returned,in_store
1615,297,2024-10-08,cancelled,in_store
1616,198,2024-12-16,completed,web
1617,226,2024-03-17,returned,mobile_app
1618,239,2025-02-22,completed,mobile_app
1619,287,2025-03-29,shipped,mobile_app
1620,264,2025-06-01,completed,in_store
1621,248,2025-06-08,completed,in_store
1622,158,2024-12-13,completed,in_store
1623,266,2024-10-16,completed,mobile_app
1624,270,2025-08-25,completed,in_store
1625,225,2024-11-30,returned,mobile_app
1626,226,2024-05-04,completed,mobile_app
1627,110,2024-11-03,completed,web
1628,234,2025-05-27,cancelled,mobile_app
1629,289,2025-04-13,completed,mobile_app
1630,134,2025-05-24,completed,mobile_app
1631,217,2025-12-27,completed,web
1632,187,2025-05-31,completed,web
1633,279,2025-12-13,completed,web
1634,262,2026-02-19,shipped,web
1635,102,2024-05-30,completed,in_store
1636,222,2024-11-02,completed,web
1637,257,2025-05-31,completed,web
1638,131,2025-11-18,completed,mobile_app
1639,298,2024-08-09,completed,web
1640,228,2025-02-09,completed,in_store
1641,295,2026-03-13,completed,web
1642,119,2024-08-15,processing,mobile_app
1643,159,2024-09-21,completed,web
1644,197,2024-11-24,completed,mobile_app
1645,196,2024-04-20,completed,in_store
1646,186,2024-04-13,completed,in_store
1647,295,2026-02-12,completed,web
1648,156,2025-07-24,completed,web
1649,164,2024-08-07,completed,mobile_app
1650,207,2025-05-27,completed,mobile_app
1651,279,2025-10-05,completed,mobile_app
1652,156,2025-04-27,completed,web
1653,179,2025-05-22,processing,mobile_app
1654,281,2024-01-31,returned,web
1655,210,2024-08-23,cancelled,mobile_app
1656,232,2025-12-05,completed,web
1657,194,2025-01-03,returned,mobile_app
1658,223,2025-06-24,cancelled,web
1659,171,2025-07-17,completed,web
1660,132,2025-07-13,processing,mobile_app
1661,278,2025-07-22,completed,mobile_app
1662,174,2024-03-12,completed,web
1663,153,2025-02-09,returned,web
1664,189,2024-07-10,completed,in_store
1665,234,2025-04-25,completed,mobile_app
1666,279,2026-01-23,completed,mobile_app
1667,174,2024-03-05,completed,web
1668,283,2026-02-14,completed,web
1669,109,2025-05-29,completed,web
1670,178,2025-02-24,completed,mobile_app
1671,176,2025-06-22,completed,in_store
1672,157,2024-08-26,completed,web
1673,297,2024-08-31,completed,web
1674,123,2025-02-12,completed,web
1675,284,2025-12-17,completed,web
1676,179,2025-08-03,completed,web
1677,207,2025-09-06,completed,web
1678,235,2024-12-12,completed,mobile_app
1679,219,2025-01-23,shipped,web
1680,111,2024-06-21,completed,web
1681,264,2025-09-29,completed,mobile_app
1682,266,2024-11-24,completed,web
1683,224,2025-01-07,completed,web
1684,167,2025-02-08,completed,web
1685,192,2024-10-13,completed,web
1686,236,2024-01-22,completed,web
1687,181,2024-09-29,completed,in_store
1688,104,2024-03-07,completed,web
1689,142,2024-10-23,completed,web
1690,294,2024-07-05,completed,mobile_app
1691,234,2025-04-27,completed,in_store
1692,278,2025-08-11,cancelled,web
1693,209,2024-02-02,completed,web
1694,252,2024-09-03,completed,web
1695,153,2024-11-19,completed,in_store
1696,172,2024-12-02,completed,web
1697,257,2025-07-22,completed,mobile_app
1698,150,2024-06-09,completed,in_store
1699,279,2025-10-27,completed,in_store
1700,135,2024-10-10,shipped,web
1701,254,2025-12-06,cancelled,mobile_app
1702,210,2024-08-02,completed,mobile_app
1703,269,2024-09-19,completed,web
1704,117,2024-06-24,completed,web
1705,209,2024-05-11,completed,in_store
1706,204,2024-10-11,completed,web
1707,226,2024-06-01,completed,mobile_app
1708,184,2025-06-12,completed,mobile_app
1709,152,2026-01-21,returned,mobile_app
1710,296,2025-04-30,completed,web
1711,218,2025-03-02,completed,web
1712,225,2024-12-07,completed,in_store
1713,201,2024-03-17,completed,mobile_app
1714,296,2025-07-18,completed,web
1715,270,2025-09-08,completed,web
1716,106,2024-12-07,completed,web
1717,221,2025-03-03,completed,web
1718,187,2025-06-25,completed,in_store
1719,120,2026-03-30,completed,web
1720,158,2025-01-05,processing,mobile_app
1721,236,2024-05-03,completed,web
1722,178,2025-06-02,completed,mobile_app
1723,272,2024-12-26,completed,web
1724,291,2025-04-23,completed,mobile_app
1725,139,2026-02-14,completed,mobile_app
1726,206,2025-12-19,completed,mobile_app
1727,139,2026-01-18,completed,web
1728,152,2025-12-17,completed,web
1729,265,2024-06-22,processing,mobile_app
1730,194,2024-12-13,completed,in_store
1731,235,2024-11-21,completed,web
1732,185,2024-07-27,processing,web
1733,251,2024-04-20,completed,mobile_app
1734,222,2024-12-03,completed,web
1735,106,2024-07-31,processing,mobile_app
1736,193,2025-12-20,completed,web
1737,177,2025-04-09,completed,mobile_app
1738,226,2024-05-25,processing,mobile_app
1739,287,2025-06-13,processing,web
1740,265,2024-07-16,completed,mobile_app
1741,129,2025-11-30,completed,mobile_app
1742,289,2025-04-11,completed,web
1743,201,2024-04-15,completed,web
1744,257,2025-07-19,completed,mobile_app
1745,210,2024-08-20,completed,web
1746,169,2024-05-16,processing,mobile_app
1747,156,2025-06-05,processing,in_store
1748,108,2024-12-25,completed,web
1749,103,2024-07-29,completed,web
1750,221,2025-05-27,completed,in_store
1751,146,2025-09-02,completed,mobile_app
1752,137,2025-11-08,completed,web
1753,172,2024-10-07,completed,web
1754,139,2026-03-30,returned,mobile_app
1755,167,2025-02-08,processing,mobile_app
1756,192,2025-01-23,completed,mobile_app
1757,144,2026-02-24,completed,mobile_app
1758,228,2025-01-19,completed,web
1759,128,2024-10-27,completed,web
1760,253,2024-01-28,completed,web
1761,246,2025-10-17,completed,web
1762,166,2024-08-28,completed,in_store
1763,140,2025-11-18,completed,mobile_app
1764,222,2024-12-08,completed,mobile_app
1765,148,2025-04-28,returned,mobile_app
1766,219,2024-10-27,returned,in_store
1767,175,2024-08-03,completed,web
1768,176,2025-07-16,completed,mobile_app
1769,209,2024-04-19,completed,mobile_app
1770,130,2024-09-18,completed,web
1771,272,2024-12-01,returned,web
1772,292,2026-01-04,cancelled,web
1773,104,2024-03-15,returned,mobile_app
1774,258,2026-02-03,cancelled,in_store
1775,224,2024-09-22,returned,web
1776,298,2024-10-13,completed,mobile_app
1777,290,2024-05-13,completed,mobile_app
1778,152,2026-01-21,completed,mobile_app
1779,283,2026-01-18,completed,mobile_app
1780,286,2025-08-20,completed,in_store
1781,242,2025-11-28,completed,mobile_app
1782,266,2024-12-20,completed,in_store
1783,221,2025-05-25,completed,web
1784,207,2025-08-16,completed,web
1785,141,2025-07-25,completed,mobile_app
1786,192,2024-10-12,completed,mobile_app
1787,130,2024-07-20,completed,mobile_app
1788,191,2024-08-09,shipped,mobile_app
1789,232,2025-09-29,processing,web
1790,244,2025-07-26,completed,web
1791,141,2025-06-04,processing,mobile_app
1792,136,2025-10-04,completed,mobile_app
1793,163,2025-12-25,shipped,in_store
1794,233,2025-06-23,completed,mobile_app
1795,118,2025-02-15,completed,web
1796,295,2025-11-26,returned,mobile_app
1797,270,2025-11-18,completed,mobile_app
1798,189,2024-03-27,completed,mobile_app
1799,260,2025-08-12,cancelled,web
1800,133,2025-05-19,completed,web
1801,234,2025-04-27,shipped,mobile_app
1802,252,2024-10-24,completed,in_store
1803,288,2024-12-16,completed,web
1804,177,2025-07-11,processing,web
1805,271,2025-01-18,cancelled,web
1806,300,2026-02-25,completed,web
1807,124,2024-08-28,completed,web
1808,251,2024-08-27,completed,in_store
1809,209,2024-04-26,cancelled,mobile_app
1810,218,2025-03-26,processing,mobile_app
1811,255,2025-06-13,completed,web
1812,140,2025-11-18,completed,web
1813,173,2024-05-13,completed,in_store
1814,180,2026-03-30,completed,web
1815,216,2025-04-26,completed,in_store
1816,202,2026-02-05,completed,web
1817,265,2024-11-02,completed,web
1818,171,2025-08-25,completed,in_store
1819,188,2025-12-05,completed,mobile_app
1820,166,2024-08-06,completed,web
1821,179,2025-07-24,cancelled,web
1822,115,2025-03-23,completed,web
1823,167,2025-04-04,completed,web
1824,230,2024-05-07,completed,web
1825,224,2024-08-23,completed,mobile_app
1826,273,2024-12-30,completed,in_store
1827,229,2026-01-18,completed,web
1828,216,2025-01-12,completed,mobile_app
1829,262,2026-01-08,completed,mobile_app
1830,118,2025-04-11,completed,mobile_app
1831,182,2025-11-12,returned,web
1832,256,2024-11-17,completed,web
1833,267,2025-07-07,completed,web
1834,297,2024-06-23,completed,mobile_app
1835,291,2024-12-30,shipped,web
1836,284,2025-10-25,completed,mobile_app
1837,144,2026-03-07,completed,mobile_app
1838,167,2025-05-23,completed,mobile_app
1839,274,2024-07-19,returned,web
1840,114,2024-06-12,completed,mobile_app
1841,193,2026-03-30,shipped,web
1842,121,2026-02-09,completed,in_store
1843,151,2025-08-11,completed,web
1844,107,2025-05-30,completed,web
1845,114,2024-06-15,completed,web
1846,278,2025-07-22,completed,web
1847,114,2024-06-05,completed,mobile_app
1848,254,2025-09-20,completed,web
1849,233,2025-06-15,completed,web
1850,252,2024-10-07,completed,web
1851,163,2025-12-22,completed,web
1852,294,2024-09-05,completed,mobile_app
1853,274,2024-04-11,completed,web
1854,118,2025-04-22,completed,in_store
1855,177,2025-06-02,completed,web
1856,264,2025-07-28,cancelled,web
1857,290,2024-04-26,completed,mobile_app
1858,192,2024-09-09,completed,web
1859,250,2026-02-11,completed,web
1860,168,2024-04-10,completed,mobile_app
1861,168,2024-03-22,completed,in_store
1862,179,2025-08-05,completed,web
1863,149,2024-04-19,completed,web
1864,258,2025-12-21,completed,web
1865,231,2026-01-14,completed,web
1866,266,2025-01-31,completed,mobile_app
1867,227,2025-04-03,completed,mobile_app
1868,216,2025-03-03,completed,web
1869,196,2024-05-21,completed,web
1870,191,2024-09-25,completed,web
1871,228,2025-03-17,completed,web
1872,266,2024-10-12,completed,web
1873,265,2024-07-02,completed,web
1874,240,2025-01-21,completed,web
1875,149,2024-04-05,shipped,in_store
1876,204,2024-09-20,completed,in_store
1877,159,2024-10-21,processing,in_store
1878,242,2026-03-11,processing,mobile_app
1879,210,2024-09-29,completed,mobile_app
1880,133,2025-03-25,processing,web
1881,296,2025-09-06,completed,web
1882,255,2025-07-25,completed,web
1883,199,2025-05-12,completed,web
1884,178,2025-02-16,completed,web
1885,151,2025-07-17,completed,web
1886,118,2025-05-21,completed,web
1887,134,2025-10-05,completed,mobile_app
1888,282,2024-10-18,completed,mobile_app
1889,102,2024-05-21,completed,web
1890,124,2024-10-25,returned,mobile_app
1891,145,2024-09-20,completed,web
1892,162,2024-04-23,completed,mobile_app
1893,242,2025-12-13,completed,web
1894,230,2024-02-10,completed,web
1895,203,2024-06-17,completed,web
1896,184,2025-08-30,completed,mobile_app
1897,136,2026-01-01,completed,web
1898,176,2025-03-24,completed,in_store
1899,103,2024-06-08,completed,mobile_app
1900,237,2025-03-04,completed,in_store
1901,284,2025-09-25,completed,in_store
1902,298,2024-09-21,shipped,web
1903,275,2025-09-07,completed,web
1904,244,2025-09-02,returned,web
1905,268,2024-12-28,completed,web
1906,172,2024-10-09,completed,web
1907,246,2025-10-27,completed,web
1908,182,2025-12-18,completed,web
1909,264,2025-07-30,completed,mobile_app
1910,161,2024-12-10,shipped,web
1911,153,2024-10-08,completed,in_store
1912,295,2025-11-27,completed,mobile_app
1913,163,2026-01-08,completed,web
1914,118,2025-03-15,completed,mobile_app
1915,180,2025-12-21,processing,web
1916,174,2024-07-18,completed,mobile_app
1917,202,2026-02-15,completed,mobile_app
1918,211,2025-04-22,completed,web
1919,242,2025-12-26,completed,web
1920,186,2024-04-15,processing,mobile_app
1921,229,2026-03-02,completed,mobile_app
1922,110,2024-09-09,completed,mobile_app
1923,293,2024-10-21,completed,in_store
1924,164,2024-07-17,completed,web
1925,255,2025-07-27,returned,web
1926,202,2025-12-01,completed,web
1927,179,2025-07-25,shipped,in_store
1928,144,2026-02-19,completed,web
1929,268,2024-12-21,processing,mobile_app
1930,135,2024-07-26,completed,web
1931,116,2024-04-03,shipped,web
1932,260,2025-05-18,returned,web
1933,117,2024-06-18,completed,mobile_app
1934,126,2025-02-17,completed,web
1935,255,2025-07-12,shipped,web
1936,271,2024-12-05,completed,mobile_app
1937,126,2025-02-15,completed,in_store
1938,236,2024-03-14,cancelled,in_store
1939,183,2024-11-22,returned,web
1940,210,2024-10-14,returned,in_store
1941,284,2026-01-06,completed,web
1942,144,2026-02-08,completed,mobile_app
1943,212,2024-03-26,completed,web
1944,286,2025-08-21,completed,in_store
1945,254,2025-10-04,returned,web
1946,244,2025-11-04,completed,web
1947,123,2024-12-30,processing,mobile_app
1948,252,2025-01-03,completed,web
1949,181,2024-08-20,completed,web
1950,280,2024-08-21,completed,web
1951,281,2024-06-25,completed,mobile_app
1952,154,2024-10-01,cancelled,in_store
1953,201,2024-03-26,returned,web
1954,150,2024-08-16,completed,web
1955,178,2025-05-21,returned,web
1956,292,2025-12-19,processing,mobile_app
1957,138,2025-10-25,completed,in_store
1958,187,2025-06-09,completed,mobile_app
1959,253,2024-03-11,returned,in_store
1960,267,2025-09-23,completed,mobile_app
1961,265,2024-10-20,completed,web
1962,199,2025-07-26,returned,in_store
1963,283,2026-02-14,completed,mobile_app
1964,238,2025-11-01,shipped,in_store
1965,278,2025-08-21,completed,mobile_app
1966,248,2025-07-30,returned,web
1967,122,2024-10-09,completed,web
1968,101,2024-12-11,completed,web
1969,191,2024-12-13,completed,web
1970,156,2025-04-28,completed,mobile_app
1971,260,2025-08-07,completed,mobile_app
1972,203,2024-08-23,completed,web
1973,279,2025-10-29,processing,web
1974,212,2024-06-24,completed,mobile_app
1975,276,2025-06-14,completed,web
1976,300,2026-02-02,completed,web
1977,197,2024-10-25,completed,web
1978,173,2024-08-07,completed,mobile_app
1979,200,2025-11-04,completed,in_store
1980,276,2025-06-05,processing,web
1981,264,2025-09-03,processing,in_store
1982,147,2025-03-20,completed,mobile_app
1983,159,2024-11-10,returned,web
1984,248,2025-06-22,completed,in_store
1985,103,2024-07-17,cancelled,mobile_app
1986,104,2024-03-20,processing,web
1987,236,2024-01-13,completed,mobile_app
1988,144,2026-01-20,completed,web
1989,246,2025-12-23,completed,web
1990,218,2025-05-16,completed,web
1991,203,2024-07-28,completed,web
1992,140,2026-02-01,completed,mobile_app
1993,196,2024-06-01,completed,mobile_app
1994,212,2024-03-20,completed,in_store
1995,202,2026-02-26,processing,web
1996,275,2025-09-23,completed,in_store
1997,200,2025-10-22,completed,web
1998,114,2024-06-17,completed,mobile_app
1999,164,2024-06-24,processing,mobile_app
2000,168,2024-04-29,cancelled,mobile_app
